order_id,rig_id,well_id,customer_id,service_type,service_date,completion_date,status,revenue_amount,crew_size,duration_days
SO0001,RIG034,WELL390,CUST030,Completion,2023-12-03,2023-12-14,Completed,355062,33,13
SO0002,RIG106,WELL353,CUST001,Cementing,2022-11-05,2022-11-09,In Progress,469320,36,14
SO0003,RIG047,WELL138,CUST024,Wireline,2022-03-28,,Completed,116573,64,13
SO0004,RIG025,WELL217,CUST021,Completion,2023-12-13,2023-12-31,In Progress,294794,21,5
SO0005,RIG013,WELL187,CUST044,Drilling,2023-10-07,,Completed,384319,16,16
SO0006,RIG101,WELL069,CUST012,Directional Drilling,2022-03-09,2022-03-13,In Progress,115413,57,20
SO0007,RIG026,WELL118,CUST038,Completion,2022-01-29,2022-02-24,Scheduled,416428,38,2
SO0008,RIG117,WELL262,CUST004,Directional Drilling,2023-01-03,2023-01-23,In Progress,135369,74,11
SO0009,RIG113,WELL278,CUST024,Directional Drilling,2022-02-13,2022-02-17,Completed,118899,13,11
SO0010,RIG153,WELL216,CUST040,Directional Drilling,2023-06-16,,Scheduled,454329,99,14
SO0011,RIG126,WELL151,CUST031,Wireline,2022-05-19,2022-06-01,Completed,207448,84,14
SO0012,RIG132,WELL200,CUST014,Pressure Pumping,2023-05-16,,In Progress,337428,11,3
SO0013,RIG186,WELL069,CUST048,Stimulation,2023-03-14,,Completed,152316,83,4
SO0014,RIG121,WELL157,CUST028,Drilling,2022-08-15,2022-08-21,Completed,414961,75,5
SO0015,RIG185,WELL406,CUST006,Directional Drilling,2023-02-26,2023-03-21,Scheduled,472039,54,12
SO0016,RIG199,WELL057,CUST005,Coiled Tubing,2023-12-24,2024-01-17,In Progress,416673,65,11
SO0017,RIG183,WELL417,CUST029,Completion,2022-10-26,,Scheduled,105283,63,19
SO0018,RIG155,WELL326,CUST016,Directional Drilling,2023-12-22,2024-01-10,Completed,345584,98,9
SO0019,RIG078,WELL198,CUST037,Coiled Tubing,2022-10-07,,In Progress,366321,86,3
SO0020,RIG129,WELL318,CUST009,Wireline,2022-08-09,2022-08-31,Scheduled,364059,47,2
SO0021,RIG176,WELL365,CUST036,Drilling,2022-04-17,,Completed,390689,85,14
SO0022,RIG070,WELL299,CUST022,Coiled Tubing,2023-04-18,2023-05-13,Completed,427937,62,14
SO0023,RIG168,WELL231,CUST007,Stimulation,2023-03-09,2023-04-01,In Progress,422199,62,16
SO0024,RIG062,WELL493,CUST006,Directional Drilling,2023-01-07,,Completed,293895,16,4
SO0025,RIG131,WELL402,CUST026,Pressure Pumping,2022-08-31,2022-09-21,Completed,496260,61,17
SO0026,RIG102,WELL303,CUST039,Coiled Tubing,2022-11-20,2022-11-30,Scheduled,284642,57,2
SO0027,RIG014,WELL080,CUST031,Coiled Tubing,2022-10-01,2022-10-15,In Progress,262305,67,16
SO0028,RIG090,WELL317,CUST040,Completion,2022-07-15,2022-08-13,Completed,361806,74,9
SO0029,RIG124,WELL296,CUST040,Wireline,2022-01-13,2022-01-29,In Progress,378266,92,10
SO0030,RIG007,WELL192,CUST016,Drilling,2023-10-23,,Scheduled,196771,21,16
SO0031,RIG013,WELL223,CUST028,Stimulation,2023-12-21,2023-12-28,Scheduled,381268,12,20
SO0032,RIG096,WELL421,CUST045,Stimulation,2023-09-05,2023-09-20,In Progress,317072,33,4
SO0033,RIG052,WELL099,CUST002,Drilling,2023-05-05,2023-05-18,In Progress,332570,79,16
SO0034,RIG168,WELL102,CUST030,Wireline,2022-12-12,,Completed,343397,63,15
SO0035,RIG095,WELL497,CUST032,Directional Drilling,2023-05-15,2023-05-23,Scheduled,370513,58,3
SO0036,RIG051,WELL088,CUST033,Directional Drilling,2022-09-17,2022-10-02,Completed,178835,57,15
SO0037,RIG199,WELL029,CUST050,Cementing,2022-03-12,2022-03-13,Completed,162655,65,7
SO0038,RIG016,WELL388,CUST022,Cementing,2023-10-05,2023-11-03,Completed,207091,58,11
SO0039,RIG095,WELL359,CUST027,Coiled Tubing,2022-08-31,2022-09-05,In Progress,394656,87,3
SO0040,RIG091,WELL230,CUST037,Cementing,2023-10-07,2023-10-16,Completed,230150,81,5
SO0041,RIG054,WELL202,CUST048,Drilling,2023-06-27,,Completed,419879,15,20
SO0042,RIG061,WELL482,CUST030,Completion,2022-11-24,,Completed,278801,35,11
SO0043,RIG036,WELL231,CUST002,Cementing,2023-12-14,,Scheduled,256876,68,5
SO0044,RIG080,WELL024,CUST005,Directional Drilling,2022-09-06,,In Progress,320694,91,17
SO0045,RIG158,WELL332,CUST012,Cementing,2022-12-12,2023-01-07,Scheduled,391746,70,5
SO0046,RIG137,WELL224,CUST041,Completion,2023-07-09,2023-07-29,Completed,482284,16,4
SO0047,RIG152,WELL298,CUST041,Wireline,2023-01-28,2023-02-20,Completed,63617,27,11
SO0048,RIG159,WELL467,CUST004,Coiled Tubing,2022-03-13,,Completed,67522,56,13
SO0049,RIG119,WELL099,CUST013,Cementing,2022-06-22,,Completed,115560,57,13
SO0050,RIG004,WELL136,CUST025,Wireline,2022-08-25,2022-09-08,Completed,194539,76,4
SO0051,RIG038,WELL433,CUST008,Directional Drilling,2022-02-11,,Completed,484857,65,7
SO0052,RIG107,WELL049,CUST027,Directional Drilling,2022-05-18,2022-05-29,Completed,310533,84,3
SO0053,RIG107,WELL308,CUST001,Pressure Pumping,2022-02-12,2022-02-17,Completed,194660,11,16
SO0054,RIG123,WELL342,CUST016,Directional Drilling,2022-05-18,2022-06-11,In Progress,147025,96,11
SO0055,RIG161,WELL123,CUST005,Completion,2022-10-21,2022-11-05,Completed,401371,53,7
SO0056,RIG165,WELL182,CUST024,Directional Drilling,2022-05-08,2022-06-03,In Progress,436681,71,4
SO0057,RIG056,WELL144,CUST006,Stimulation,2022-09-28,2022-09-29,Completed,472181,58,16
SO0058,RIG133,WELL289,CUST019,Cementing,2022-08-02,,Completed,461955,76,2
SO0059,RIG071,WELL384,CUST034,Completion,2023-07-11,,Completed,74808,69,18
SO0060,RIG180,WELL080,CUST011,Stimulation,2022-05-25,2022-06-23,Completed,149263,48,4
SO0061,RIG063,WELL270,CUST017,Completion,2023-12-26,2024-01-22,Completed,349774,51,2
SO0062,RIG062,WELL081,CUST043,Pressure Pumping,2022-06-09,2022-06-13,Completed,319970,17,10
SO0063,RIG027,WELL343,CUST025,Drilling,2023-01-16,2023-02-08,Completed,360121,63,15
SO0064,RIG100,WELL200,CUST001,Directional Drilling,2022-02-21,,Completed,54475,44,9
SO0065,RIG008,WELL036,CUST017,Pressure Pumping,2023-11-27,2023-12-15,Completed,66759,73,18
SO0066,RIG179,WELL278,CUST044,Pressure Pumping,2023-01-06,2023-01-29,Completed,376624,84,6
SO0067,RIG083,WELL312,CUST015,Cementing,2023-11-16,2023-11-29,Completed,175598,67,6
SO0068,RIG151,WELL424,CUST030,Pressure Pumping,2022-03-14,2022-04-04,Completed,160984,90,13
SO0069,RIG113,WELL366,CUST049,Cementing,2022-03-08,2022-03-31,Completed,386166,27,8
SO0070,RIG176,WELL134,CUST023,Pressure Pumping,2023-02-27,2023-03-28,Completed,110415,49,20
SO0071,RIG200,WELL130,CUST030,Coiled Tubing,2022-09-09,,Scheduled,435866,46,2
SO0072,RIG033,WELL360,CUST046,Coiled Tubing,2023-03-28,,Completed,110284,92,10
SO0073,RIG055,WELL298,CUST003,Drilling,2022-08-03,2022-08-06,In Progress,347444,71,17
SO0074,RIG005,WELL036,CUST004,Pressure Pumping,2023-05-16,,In Progress,140223,37,11
SO0075,RIG026,WELL156,CUST042,Drilling,2023-05-25,2023-06-06,Completed,392296,59,16
SO0076,RIG015,WELL148,CUST005,Drilling,2023-10-06,2023-10-18,Completed,209353,52,12
SO0077,RIG112,WELL288,CUST032,Completion,2022-09-14,2022-09-21,Completed,50874,89,17
SO0078,RIG110,WELL306,CUST049,Wireline,2023-10-17,2023-11-10,Completed,256501,85,8
SO0079,RIG164,WELL498,CUST017,Stimulation,2022-11-14,2022-11-24,Completed,240866,70,3
SO0080,RIG174,WELL232,CUST024,Completion,2022-06-10,2022-07-04,Completed,401841,12,5
SO0081,RIG159,WELL370,CUST009,Wireline,2023-06-18,2023-07-03,Completed,86923,53,2
SO0082,RIG038,WELL365,CUST015,Stimulation,2023-05-27,2023-06-25,Completed,486888,31,15
SO0083,RIG198,WELL211,CUST045,Cementing,2023-09-29,,Completed,104964,10,15
SO0084,RIG168,WELL091,CUST005,Coiled Tubing,2023-05-10,2023-05-13,Completed,444424,90,11
SO0085,RIG004,WELL484,CUST013,Drilling,2023-06-28,,Completed,345748,58,9
SO0086,RIG101,WELL280,CUST029,Drilling,2023-06-04,,Completed,78462,24,4
SO0087,RIG147,WELL203,CUST033,Completion,2023-07-03,,Completed,177759,44,4
SO0088,RIG125,WELL362,CUST019,Wireline,2023-10-29,2023-11-15,Completed,497638,51,4
SO0089,RIG083,WELL093,CUST031,Coiled Tubing,2022-01-29,2022-02-02,Completed,270162,21,3
SO0090,RIG104,WELL046,CUST026,Completion,2022-05-17,2022-05-27,Completed,293360,14,9
SO0091,RIG038,WELL030,CUST003,Pressure Pumping,2023-04-03,2023-04-25,Completed,56809,29,7
SO0092,RIG106,WELL447,CUST024,Pressure Pumping,2022-11-15,,Completed,75111,40,3
SO0093,RIG011,WELL340,CUST039,Wireline,2022-07-15,2022-07-27,Scheduled,450859,100,20
SO0094,RIG046,WELL485,CUST017,Wireline,2022-05-21,2022-06-13,Completed,192998,26,20
SO0095,RIG156,WELL425,CUST006,Directional Drilling,2023-05-19,2023-06-17,In Progress,433118,18,12
SO0096,RIG024,WELL218,CUST032,Cementing,2022-11-23,2022-12-17,In Progress,301841,92,12
SO0097,RIG008,WELL244,CUST001,Cementing,2022-03-25,2022-04-15,Completed,334054,34,13
SO0098,RIG144,WELL497,CUST009,Directional Drilling,2022-08-24,2022-08-27,In Progress,275712,29,14
SO0099,RIG037,WELL318,CUST001,Coiled Tubing,2022-07-13,2022-07-22,Completed,198408,34,5
SO0100,RIG166,WELL081,CUST019,Wireline,2023-05-30,2023-06-11,In Progress,385609,24,17
SO0101,RIG112,WELL053,CUST047,Cementing,2022-04-10,,Completed,220805,82,19
SO0102,RIG195,WELL160,CUST021,Cementing,2022-08-03,2022-08-30,Completed,181436,22,15
SO0103,RIG100,WELL269,CUST035,Completion,2023-07-14,2023-08-13,Completed,488754,53,10
SO0104,RIG118,WELL103,CUST022,Stimulation,2022-06-28,2022-07-08,Completed,455144,72,2
SO0105,RIG140,WELL317,CUST007,Wireline,2023-07-04,2023-07-28,Completed,148008,44,16
SO0106,RIG007,WELL446,CUST024,Completion,2023-08-10,2023-08-20,Completed,446387,28,15
SO0107,RIG163,WELL385,CUST008,Cementing,2023-10-26,2023-11-22,In Progress,183537,12,17
SO0108,RIG049,WELL189,CUST048,Coiled Tubing,2023-08-24,2023-09-04,Completed,328911,38,2
SO0109,RIG130,WELL188,CUST037,Completion,2023-07-05,2023-07-25,Scheduled,236083,95,15
SO0110,RIG112,WELL152,CUST045,Cementing,2022-02-22,2022-03-16,Completed,274422,75,20
SO0111,RIG176,WELL041,CUST008,Pressure Pumping,2022-10-17,2022-11-16,Completed,95477,49,15
SO0112,RIG003,WELL058,CUST012,Stimulation,2022-06-11,2022-06-26,Completed,194410,84,2
SO0113,RIG021,WELL077,CUST001,Coiled Tubing,2022-01-31,2022-02-25,Completed,78465,49,18
SO0114,RIG033,WELL239,CUST041,Stimulation,2023-09-24,2023-10-19,Completed,362518,79,15
SO0115,RIG149,WELL416,CUST006,Drilling,2023-06-19,2023-07-05,Scheduled,69533,14,10
SO0116,RIG138,WELL247,CUST034,Coiled Tubing,2023-09-18,2023-10-06,Completed,110221,16,12
SO0117,RIG162,WELL237,CUST009,Completion,2023-05-21,2023-05-29,Scheduled,205633,55,19
SO0118,RIG024,WELL438,CUST036,Completion,2022-02-23,2022-03-24,Scheduled,231628,93,4
SO0119,RIG127,WELL287,CUST040,Directional Drilling,2023-03-25,,In Progress,180692,96,18
SO0120,RIG047,WELL029,CUST010,Wireline,2023-08-08,2023-08-19,Completed,479097,82,19
SO0121,RIG188,WELL158,CUST042,Drilling,2023-12-22,,Completed,437890,38,10
SO0122,RIG131,WELL012,CUST031,Directional Drilling,2023-05-08,2023-05-22,Completed,370098,19,3
SO0123,RIG188,WELL164,CUST028,Completion,2022-01-25,2022-01-27,In Progress,259472,99,5
SO0124,RIG060,WELL180,CUST031,Drilling,2022-07-29,2022-08-15,Completed,440482,89,13
SO0125,RIG047,WELL214,CUST044,Drilling,2022-03-12,2022-03-16,Completed,440454,45,12
SO0126,RIG192,WELL125,CUST023,Pressure Pumping,2022-09-22,2022-10-07,In Progress,422562,64,18
SO0127,RIG039,WELL114,CUST028,Drilling,2023-03-22,2023-04-07,In Progress,448190,26,14
SO0128,RIG164,WELL452,CUST038,Stimulation,2022-01-07,,Scheduled,426909,16,4
SO0129,RIG025,WELL492,CUST042,Coiled Tubing,2023-03-16,2023-04-11,In Progress,266825,53,9
SO0130,RIG085,WELL369,CUST050,Completion,2022-11-16,2022-11-21,Completed,300986,56,11
SO0131,RIG046,WELL464,CUST014,Completion,2023-09-26,2023-09-28,Scheduled,284270,87,3
SO0132,RIG166,WELL323,CUST021,Directional Drilling,2022-09-27,2022-10-05,Completed,139246,59,12
SO0133,RIG045,WELL195,CUST002,Pressure Pumping,2022-07-26,2022-08-03,Completed,461411,24,5
SO0134,RIG084,WELL450,CUST030,Stimulation,2022-01-29,2022-02-15,Scheduled,133902,43,18
SO0135,RIG101,WELL434,CUST032,Pressure Pumping,2023-07-13,,Scheduled,441787,77,13
SO0136,RIG052,WELL067,CUST035,Drilling,2023-12-12,,Scheduled,473057,31,17
SO0137,RIG066,WELL202,CUST042,Cementing,2022-12-16,2023-01-10,In Progress,94511,99,8
SO0138,RIG167,WELL196,CUST039,Pressure Pumping,2023-05-30,2023-06-25,Scheduled,387614,72,12
SO0139,RIG097,WELL145,CUST049,Pressure Pumping,2023-12-01,2023-12-03,Completed,245980,21,20
SO0140,RIG198,WELL109,CUST003,Directional Drilling,2022-01-08,2022-02-06,Completed,480195,90,14
SO0141,RIG076,WELL258,CUST012,Directional Drilling,2022-02-20,,In Progress,412931,27,14
SO0142,RIG068,WELL161,CUST034,Cementing,2023-04-28,2023-04-29,Completed,144595,93,19
SO0143,RIG162,WELL446,CUST037,Wireline,2022-01-18,2022-02-11,Completed,427717,55,12
SO0144,RIG055,WELL355,CUST031,Drilling,2022-07-03,2022-07-18,Completed,253868,96,6
SO0145,RIG167,WELL173,CUST007,Directional Drilling,2024-01-01,2024-01-02,Completed,169109,63,16
SO0146,RIG017,WELL104,CUST008,Wireline,2023-12-11,2024-01-01,In Progress,436298,87,2
SO0147,RIG030,WELL049,CUST033,Wireline,2023-06-02,2023-06-25,Completed,407971,18,17
SO0148,RIG021,WELL059,CUST048,Coiled Tubing,2023-08-13,2023-08-23,In Progress,239196,89,4
SO0149,RIG140,WELL397,CUST019,Stimulation,2023-07-10,2023-07-24,Scheduled,452060,73,15
SO0150,RIG117,WELL311,CUST003,Cementing,2023-01-04,2023-01-21,Completed,214450,82,16
SO0151,RIG136,WELL131,CUST008,Drilling,2023-09-30,,Completed,354756,61,15
SO0152,RIG078,WELL305,CUST037,Completion,2022-01-30,2022-02-24,Scheduled,493691,53,9
SO0153,RIG119,WELL318,CUST048,Wireline,2022-03-11,2022-03-24,Completed,94995,48,13
SO0154,RIG071,WELL203,CUST043,Drilling,2022-03-25,,Completed,468952,10,16
SO0155,RIG194,WELL227,CUST025,Cementing,2023-01-10,,Scheduled,356536,85,13
SO0156,RIG170,WELL022,CUST016,Drilling,2022-03-13,2022-04-09,In Progress,263608,72,2
SO0157,RIG198,WELL496,CUST004,Drilling,2023-10-06,,In Progress,347556,84,13
SO0158,RIG151,WELL282,CUST015,Stimulation,2022-07-19,,Completed,350897,39,10
SO0159,RIG007,WELL322,CUST026,Directional Drilling,2022-04-02,2022-04-23,Completed,483570,32,4
SO0160,RIG127,WELL111,CUST004,Stimulation,2022-11-05,,Completed,333046,29,15
SO0161,RIG182,WELL202,CUST006,Drilling,2022-05-10,2022-06-09,Completed,258015,73,17
SO0162,RIG006,WELL160,CUST031,Completion,2022-01-28,2022-02-16,Completed,425801,69,14
SO0163,RIG131,WELL295,CUST005,Completion,2022-04-26,2022-05-04,Completed,479826,40,7
SO0164,RIG173,WELL366,CUST048,Cementing,2022-01-01,2022-01-13,Completed,82819,23,2
SO0165,RIG048,WELL247,CUST040,Pressure Pumping,2022-08-23,2022-09-18,Scheduled,395785,17,5
SO0166,RIG024,WELL401,CUST042,Stimulation,2023-08-08,2023-08-15,Completed,440893,41,10
SO0167,RIG108,WELL397,CUST022,Completion,2022-02-02,2022-02-27,Completed,394721,77,10
SO0168,RIG091,WELL312,CUST047,Pressure Pumping,2022-10-25,,Completed,328824,34,3
SO0169,RIG032,WELL320,CUST039,Stimulation,2022-04-24,2022-05-10,Completed,280084,44,15
SO0170,RIG076,WELL267,CUST006,Cementing,2023-03-12,2023-03-18,Completed,320112,78,18
SO0171,RIG108,WELL345,CUST019,Wireline,2023-03-26,,Completed,133601,30,15
SO0172,RIG038,WELL028,CUST033,Cementing,2022-11-29,2022-12-23,Completed,395369,58,8
SO0173,RIG045,WELL256,CUST046,Coiled Tubing,2023-01-20,2023-01-24,Completed,314831,76,9
SO0174,RIG060,WELL040,CUST037,Directional Drilling,2023-09-11,2023-10-04,Completed,266852,92,6
SO0175,RIG127,WELL410,CUST020,Drilling,2022-06-16,2022-06-30,Completed,473405,47,5
SO0176,RIG090,WELL287,CUST030,Stimulation,2022-04-08,2022-04-13,Scheduled,167802,60,15
SO0177,RIG182,WELL184,CUST006,Cementing,2023-06-06,2023-06-14,Completed,125843,48,4
SO0178,RIG122,WELL075,CUST005,Pressure Pumping,2022-10-12,,In Progress,325533,46,11
SO0179,RIG170,WELL449,CUST026,Completion,2023-10-20,,In Progress,152995,59,16
SO0180,RIG055,WELL120,CUST018,Cementing,2022-11-05,,Completed,188911,26,8
SO0181,RIG169,WELL089,CUST050,Coiled Tubing,2023-09-04,,Completed,143619,13,3
SO0182,RIG163,WELL109,CUST049,Drilling,2023-11-22,2023-11-26,In Progress,83802,83,16
SO0183,RIG167,WELL276,CUST033,Pressure Pumping,2023-01-25,,In Progress,350892,85,13
SO0184,RIG190,WELL067,CUST014,Wireline,2022-09-14,2022-09-24,Completed,283918,15,2
SO0185,RIG014,WELL104,CUST032,Drilling,2022-01-17,2022-01-29,In Progress,160668,55,2
SO0186,RIG185,WELL382,CUST024,Wireline,2023-02-24,2023-03-13,Completed,150611,99,3
SO0187,RIG094,WELL257,CUST038,Completion,2022-08-07,2022-08-13,Completed,153870,87,7
SO0188,RIG046,WELL394,CUST026,Drilling,2022-04-25,2022-05-10,Completed,74096,75,3
SO0189,RIG013,WELL388,CUST029,Completion,2022-10-28,2022-11-13,In Progress,289396,90,10
SO0190,RIG094,WELL255,CUST049,Completion,2022-06-30,2022-07-15,Scheduled,365689,41,12
SO0191,RIG039,WELL393,CUST036,Completion,2023-04-26,2023-05-06,In Progress,94888,70,15
SO0192,RIG011,WELL038,CUST031,Cementing,2022-03-06,2022-03-18,Scheduled,278855,57,20
SO0193,RIG088,WELL037,CUST037,Drilling,2023-01-04,2023-01-28,Completed,169579,52,4
SO0194,RIG150,WELL238,CUST027,Wireline,2023-09-16,2023-10-07,Completed,414019,71,16
SO0195,RIG180,WELL039,CUST050,Drilling,2023-09-19,2023-10-16,Completed,470619,97,10
SO0196,RIG167,WELL161,CUST027,Cementing,2022-11-20,2022-11-27,Completed,185343,82,5
SO0197,RIG135,WELL306,CUST043,Wireline,2023-12-09,,Scheduled,368200,10,5
SO0198,RIG195,WELL410,CUST019,Completion,2022-02-24,2022-03-11,Completed,470296,47,15
SO0199,RIG200,WELL353,CUST031,Coiled Tubing,2022-10-30,2022-11-01,Completed,359556,51,3
SO0200,RIG123,WELL374,CUST037,Directional Drilling,2022-10-29,2022-10-30,Completed,415221,53,13
SO0201,RIG178,WELL237,CUST027,Cementing,2022-12-28,2023-01-21,Completed,215578,67,17
SO0202,RIG192,WELL177,CUST050,Stimulation,2022-03-07,2022-03-12,Scheduled,109969,25,16
SO0203,RIG071,WELL446,CUST020,Drilling,2023-07-27,2023-08-01,Scheduled,271392,66,10
SO0204,RIG112,WELL116,CUST006,Coiled Tubing,2023-12-13,2024-01-08,Scheduled,360962,25,5
SO0205,RIG025,WELL322,CUST008,Directional Drilling,2023-11-08,,Completed,144306,45,6
SO0206,RIG093,WELL274,CUST047,Completion,2022-07-26,,Scheduled,477495,61,2
SO0207,RIG189,WELL025,CUST013,Coiled Tubing,2023-08-02,2023-08-19,Completed,385698,95,8
SO0208,RIG168,WELL006,CUST044,Stimulation,2023-07-02,,Scheduled,71127,86,7
SO0209,RIG069,WELL471,CUST049,Cementing,2022-10-09,2022-11-07,In Progress,269986,57,5
SO0210,RIG150,WELL118,CUST013,Stimulation,2023-08-30,2023-09-26,Scheduled,322201,53,17
SO0211,RIG193,WELL450,CUST006,Cementing,2023-05-01,2023-05-07,Completed,200403,48,4
SO0212,RIG177,WELL488,CUST030,Pressure Pumping,2022-06-27,,Scheduled,343934,52,14
SO0213,RIG007,WELL040,CUST047,Coiled Tubing,2023-01-19,2023-02-05,Scheduled,313235,27,7
SO0214,RIG107,WELL035,CUST050,Stimulation,2023-12-27,2023-12-28,Completed,241445,11,6
SO0215,RIG086,WELL180,CUST010,Drilling,2023-01-10,2023-01-27,In Progress,155480,93,2
SO0216,RIG188,WELL145,CUST009,Pressure Pumping,2023-08-05,2023-09-04,Scheduled,280217,60,5
SO0217,RIG027,WELL438,CUST031,Directional Drilling,2022-11-12,2022-11-25,Scheduled,193874,96,11
SO0218,RIG027,WELL498,CUST033,Directional Drilling,2022-07-04,2022-07-13,Scheduled,200431,11,15
SO0219,RIG107,WELL352,CUST007,Stimulation,2023-11-18,,Completed,185759,36,19
SO0220,RIG036,WELL352,CUST027,Stimulation,2023-04-27,2023-05-13,Completed,202398,66,13
SO0221,RIG113,WELL055,CUST046,Cementing,2022-05-11,2022-06-06,In Progress,296371,16,20
SO0222,RIG038,WELL006,CUST027,Stimulation,2023-08-24,,Completed,294426,76,3
SO0223,RIG127,WELL373,CUST033,Directional Drilling,2023-06-06,2023-06-13,Completed,83824,11,2
SO0224,RIG096,WELL319,CUST011,Pressure Pumping,2022-10-22,,Completed,113032,43,19
SO0225,RIG009,WELL091,CUST046,Cementing,2022-06-09,2022-06-23,Completed,175576,57,20
SO0226,RIG098,WELL211,CUST001,Wireline,2023-11-22,2023-11-27,Completed,488136,20,18
SO0227,RIG024,WELL067,CUST006,Cementing,2023-02-16,,Completed,345711,27,12
SO0228,RIG167,WELL090,CUST032,Completion,2022-12-04,,Completed,189278,20,10
SO0229,RIG023,WELL482,CUST044,Pressure Pumping,2022-04-12,,Scheduled,185246,78,7
SO0230,RIG035,WELL158,CUST017,Wireline,2022-08-07,2022-08-29,Scheduled,334030,26,19
SO0231,RIG042,WELL134,CUST019,Completion,2022-11-28,2022-12-01,Scheduled,185351,12,14
SO0232,RIG046,WELL223,CUST003,Drilling,2023-06-10,2023-06-16,Scheduled,331866,89,15
SO0233,RIG044,WELL474,CUST001,Drilling,2023-02-01,,Completed,355617,55,2
SO0234,RIG195,WELL383,CUST022,Cementing,2023-04-05,2023-04-28,Completed,205696,90,4
SO0235,RIG188,WELL010,CUST033,Completion,2022-09-02,2022-09-29,In Progress,253347,78,5
SO0236,RIG040,WELL074,CUST022,Pressure Pumping,2022-09-22,2022-10-21,Completed,129384,24,7
SO0237,RIG076,WELL178,CUST007,Directional Drilling,2023-04-17,2023-05-09,In Progress,491516,44,18
SO0238,RIG116,WELL063,CUST030,Wireline,2022-03-10,2022-03-12,Scheduled,186554,65,16
SO0239,RIG002,WELL439,CUST020,Directional Drilling,2023-10-18,,Completed,451750,48,6
SO0240,RIG170,WELL121,CUST001,Pressure Pumping,2023-07-19,2023-07-20,In Progress,441441,20,11
SO0241,RIG013,WELL394,CUST036,Stimulation,2022-06-18,2022-06-24,Completed,480182,40,8
SO0242,RIG173,WELL259,CUST043,Pressure Pumping,2023-08-11,2023-08-26,In Progress,115373,61,4
SO0243,RIG039,WELL485,CUST045,Completion,2022-04-12,2022-04-15,Scheduled,325295,44,2
SO0244,RIG064,WELL024,CUST005,Wireline,2022-10-21,2022-10-22,Completed,415900,84,16
SO0245,RIG186,WELL208,CUST020,Cementing,2023-03-10,2023-03-31,Scheduled,429184,71,11
SO0246,RIG043,WELL147,CUST032,Directional Drilling,2023-10-20,,Completed,255917,48,4
SO0247,RIG187,WELL135,CUST008,Pressure Pumping,2022-08-24,,In Progress,416651,59,4
SO0248,RIG145,WELL191,CUST036,Drilling,2022-07-29,,Scheduled,142554,49,11
SO0249,RIG080,WELL408,CUST018,Pressure Pumping,2022-03-19,,Completed,222666,37,18
SO0250,RIG086,WELL219,CUST029,Stimulation,2022-02-09,2022-02-25,In Progress,372880,13,14
SO0251,RIG092,WELL491,CUST036,Stimulation,2023-05-03,,Completed,112708,53,10
SO0252,RIG123,WELL251,CUST013,Stimulation,2023-10-17,2023-11-07,Completed,225947,20,19
SO0253,RIG079,WELL232,CUST021,Drilling,2022-11-30,2022-12-17,Completed,480628,56,19
SO0254,RIG075,WELL307,CUST035,Cementing,2023-07-28,,Completed,322222,14,14
SO0255,RIG175,WELL437,CUST043,Stimulation,2022-07-27,2022-08-11,Completed,456309,67,7
SO0256,RIG028,WELL436,CUST034,Pressure Pumping,2023-10-27,,Completed,284053,44,18
SO0257,RIG113,WELL017,CUST045,Directional Drilling,2023-03-22,2023-04-09,Completed,441137,56,14
SO0258,RIG105,WELL367,CUST021,Completion,2023-10-21,,Completed,466592,77,15
SO0259,RIG002,WELL148,CUST009,Drilling,2022-05-01,,Completed,230740,14,10
SO0260,RIG027,WELL358,CUST011,Drilling,2023-08-31,2023-09-26,Completed,98036,33,8
SO0261,RIG109,WELL332,CUST001,Drilling,2023-05-05,2023-05-09,Completed,81948,30,4
SO0262,RIG045,WELL141,CUST041,Drilling,2023-07-29,2023-08-11,Scheduled,377515,38,14
SO0263,RIG043,WELL068,CUST038,Wireline,2022-09-17,2022-09-19,Completed,144728,31,6
SO0264,RIG044,WELL394,CUST043,Wireline,2023-08-16,2023-09-10,Completed,385230,58,9
SO0265,RIG015,WELL203,CUST026,Directional Drilling,2022-05-08,,Scheduled,72797,41,12
SO0266,RIG173,WELL109,CUST001,Drilling,2022-02-19,2022-03-01,In Progress,127484,30,3
SO0267,RIG031,WELL108,CUST019,Drilling,2023-04-18,,In Progress,310933,71,16
SO0268,RIG064,WELL214,CUST026,Stimulation,2023-11-05,,In Progress,54635,38,18
SO0269,RIG183,WELL159,CUST040,Wireline,2022-03-31,2022-04-13,Completed,241462,90,11
SO0270,RIG019,WELL130,CUST017,Completion,2022-11-15,2022-11-21,In Progress,281042,80,11
SO0271,RIG159,WELL476,CUST027,Drilling,2022-01-07,2022-01-26,Completed,143283,67,11
SO0272,RIG177,WELL258,CUST012,Stimulation,2022-02-06,2022-02-16,Completed,463202,55,20
SO0273,RIG027,WELL155,CUST036,Wireline,2022-09-12,2022-09-25,Completed,397093,70,9
SO0274,RIG072,WELL423,CUST014,Stimulation,2023-07-13,2023-07-26,Completed,357810,44,3
SO0275,RIG007,WELL251,CUST029,Completion,2022-02-17,2022-02-27,Completed,234869,92,6
SO0276,RIG077,WELL017,CUST030,Stimulation,2022-03-23,2022-04-15,In Progress,146252,72,14
SO0277,RIG140,WELL307,CUST018,Completion,2023-03-26,,In Progress,180778,77,3
SO0278,RIG002,WELL260,CUST040,Coiled Tubing,2023-03-28,,In Progress,412265,27,15
SO0279,RIG150,WELL202,CUST032,Completion,2023-12-02,,Completed,274085,68,18
SO0280,RIG106,WELL478,CUST017,Drilling,2022-10-13,2022-10-26,Completed,102050,53,18
SO0281,RIG026,WELL085,CUST031,Cementing,2022-06-24,2022-07-17,Scheduled,63989,57,17
SO0282,RIG031,WELL128,CUST022,Drilling,2022-07-26,2022-08-21,Completed,208486,74,19
SO0283,RIG141,WELL078,CUST010,Completion,2022-06-11,,Completed,72598,50,19
SO0284,RIG005,WELL223,CUST018,Cementing,2022-04-07,2022-05-04,Completed,114356,76,7
SO0285,RIG145,WELL020,CUST025,Coiled Tubing,2022-07-27,2022-08-11,Scheduled,466025,29,6
SO0286,RIG050,WELL182,CUST002,Stimulation,2023-12-02,2023-12-14,In Progress,378530,63,2
SO0287,RIG028,WELL399,CUST037,Coiled Tubing,2023-03-03,,Completed,90700,63,13
SO0288,RIG068,WELL390,CUST031,Pressure Pumping,2022-09-14,,Completed,455043,62,20
SO0289,RIG068,WELL029,CUST016,Drilling,2022-03-08,2022-03-30,Completed,357250,67,18
SO0290,RIG166,WELL191,CUST049,Wireline,2023-09-07,2023-09-29,Completed,270958,21,13
SO0291,RIG075,WELL308,CUST038,Pressure Pumping,2023-05-22,2023-06-12,Scheduled,203298,60,11
SO0292,RIG022,WELL260,CUST013,Completion,2022-06-24,2022-06-30,In Progress,94767,77,9
SO0293,RIG117,WELL130,CUST010,Drilling,2023-10-13,2023-10-31,Completed,74818,56,19
SO0294,RIG092,WELL280,CUST034,Pressure Pumping,2022-08-28,2022-09-10,In Progress,343675,73,17
SO0295,RIG018,WELL242,CUST004,Completion,2022-06-29,2022-07-09,Completed,259744,96,8
SO0296,RIG086,WELL038,CUST031,Cementing,2022-06-22,2022-07-21,In Progress,441999,67,6
SO0297,RIG072,WELL146,CUST027,Wireline,2022-03-19,,Completed,480437,97,13
SO0298,RIG194,WELL342,CUST031,Stimulation,2023-04-13,2023-05-08,Scheduled,435743,46,15
SO0299,RIG170,WELL222,CUST015,Coiled Tubing,2023-03-23,2023-03-31,In Progress,296808,35,4
SO0300,RIG035,WELL428,CUST001,Stimulation,2023-11-18,,Completed,277083,86,7
SO0301,RIG139,WELL350,CUST026,Stimulation,2023-09-08,2023-10-03,Completed,352449,69,12
SO0302,RIG134,WELL218,CUST017,Coiled Tubing,2022-03-30,2022-04-20,Completed,448710,44,9
SO0303,RIG193,WELL135,CUST044,Coiled Tubing,2023-05-23,2023-05-29,In Progress,468041,21,19
SO0304,RIG126,WELL445,CUST012,Drilling,2022-05-28,2022-06-10,Completed,298797,36,9
SO0305,RIG197,WELL337,CUST007,Pressure Pumping,2022-06-30,2022-07-02,Completed,345509,53,8
SO0306,RIG155,WELL399,CUST003,Wireline,2023-02-12,,In Progress,445954,76,19
SO0307,RIG155,WELL303,CUST013,Drilling,2023-03-25,2023-03-27,In Progress,262891,52,14
SO0308,RIG126,WELL177,CUST045,Completion,2022-03-12,2022-03-28,Completed,259793,88,3
SO0309,RIG062,WELL135,CUST045,Cementing,2022-06-19,,In Progress,97702,49,14
SO0310,RIG021,WELL105,CUST018,Drilling,2023-03-06,2023-04-05,Completed,57480,22,2
SO0311,RIG005,WELL122,CUST035,Cementing,2022-06-06,2022-06-24,Scheduled,443837,37,20
SO0312,RIG137,WELL368,CUST031,Pressure Pumping,2022-10-23,2022-11-01,Completed,443193,59,16
SO0313,RIG018,WELL288,CUST039,Wireline,2023-08-02,,Scheduled,199133,89,19
SO0314,RIG056,WELL464,CUST030,Coiled Tubing,2023-12-25,,Scheduled,382001,64,3
SO0315,RIG041,WELL311,CUST008,Drilling,2022-03-22,2022-03-28,Completed,432201,57,16
SO0316,RIG181,WELL071,CUST006,Pressure Pumping,2023-07-06,2023-07-17,In Progress,265484,97,4
SO0317,RIG068,WELL454,CUST020,Stimulation,2022-02-18,2022-03-08,Scheduled,187465,94,16
SO0318,RIG113,WELL402,CUST023,Wireline,2022-01-19,2022-01-29,Completed,288979,79,15
SO0319,RIG162,WELL139,CUST003,Stimulation,2023-01-21,,Completed,368968,45,3
SO0320,RIG164,WELL061,CUST042,Coiled Tubing,2022-09-06,2022-09-13,Completed,499347,83,6
SO0321,RIG108,WELL491,CUST019,Wireline,2023-06-04,2023-06-25,In Progress,392802,42,12
SO0322,RIG103,WELL339,CUST039,Completion,2022-09-29,,Completed,334037,78,13
SO0323,RIG157,WELL257,CUST036,Pressure Pumping,2023-05-15,2023-05-21,Completed,270888,67,19
SO0324,RIG151,WELL197,CUST033,Wireline,2022-08-05,2022-08-27,Completed,67128,80,11
SO0325,RIG105,WELL026,CUST011,Completion,2022-07-17,2022-08-03,Completed,477941,49,13
SO0326,RIG070,WELL133,CUST049,Coiled Tubing,2023-11-13,2023-11-24,Completed,138149,97,4
SO0327,RIG095,WELL448,CUST012,Drilling,2022-06-05,2022-06-24,Completed,270063,67,14
SO0328,RIG178,WELL241,CUST043,Directional Drilling,2023-12-28,2024-01-13,In Progress,440462,96,19
SO0329,RIG133,WELL439,CUST020,Pressure Pumping,2023-07-08,2023-07-27,In Progress,221044,18,7
SO0330,RIG124,WELL045,CUST028,Directional Drilling,2022-01-31,2022-02-06,In Progress,68371,29,4
SO0331,RIG021,WELL040,CUST048,Stimulation,2022-06-15,2022-06-23,Completed,243419,59,5
SO0332,RIG134,WELL272,CUST036,Directional Drilling,2023-04-28,2023-05-09,In Progress,65904,65,20
SO0333,RIG186,WELL449,CUST011,Wireline,2023-08-21,2023-08-25,Completed,161327,65,16
SO0334,RIG075,WELL400,CUST031,Pressure Pumping,2023-12-13,2024-01-10,Completed,255256,83,14
SO0335,RIG119,WELL315,CUST037,Directional Drilling,2022-11-05,,In Progress,469564,63,8
SO0336,RIG107,WELL412,CUST045,Directional Drilling,2023-07-18,2023-07-24,In Progress,418715,86,18
SO0337,RIG011,WELL453,CUST050,Stimulation,2023-01-29,2023-02-21,Completed,229255,69,20
SO0338,RIG051,WELL156,CUST023,Directional Drilling,2023-09-16,2023-09-19,Completed,172763,31,11
SO0339,RIG012,WELL205,CUST021,Coiled Tubing,2023-08-20,2023-09-15,In Progress,297334,23,5
SO0340,RIG178,WELL050,CUST044,Wireline,2022-02-26,2022-03-25,Completed,386246,33,2
SO0341,RIG076,WELL247,CUST006,Drilling,2023-09-24,,Completed,268246,65,19
SO0342,RIG046,WELL416,CUST031,Completion,2022-01-21,2022-02-17,Completed,62743,12,3
SO0343,RIG108,WELL069,CUST016,Directional Drilling,2022-08-29,,Completed,365803,35,7
SO0344,RIG002,WELL275,CUST025,Coiled Tubing,2023-07-25,2023-08-11,Completed,154714,100,20
SO0345,RIG087,WELL361,CUST032,Drilling,2022-01-14,,In Progress,158853,35,14
SO0346,RIG186,WELL372,CUST040,Completion,2023-05-25,2023-06-04,In Progress,441510,37,9
SO0347,RIG188,WELL172,CUST007,Coiled Tubing,2023-10-29,,Completed,412831,11,8
SO0348,RIG020,WELL130,CUST022,Cementing,2023-06-01,2023-06-05,Completed,454907,16,14
SO0349,RIG098,WELL238,CUST010,Completion,2022-11-07,2022-11-27,In Progress,139700,97,17
SO0350,RIG072,WELL329,CUST033,Pressure Pumping,2022-10-09,2022-10-11,In Progress,145668,40,17
SO0351,RIG092,WELL330,CUST044,Pressure Pumping,2023-02-01,2023-02-10,Completed,251987,68,6
SO0352,RIG047,WELL453,CUST034,Wireline,2023-03-12,,Completed,418400,28,2
SO0353,RIG063,WELL075,CUST018,Pressure Pumping,2023-10-11,2023-11-02,Completed,365524,58,19
SO0354,RIG035,WELL430,CUST029,Drilling,2022-03-24,2022-04-21,Scheduled,275725,62,6
SO0355,RIG113,WELL500,CUST005,Stimulation,2023-05-17,2023-06-12,Scheduled,458828,58,7
SO0356,RIG020,WELL261,CUST006,Wireline,2022-08-28,2022-09-02,In Progress,143131,39,6
SO0357,RIG193,WELL444,CUST036,Pressure Pumping,2022-12-18,2022-12-27,Completed,183688,37,14
SO0358,RIG151,WELL229,CUST019,Directional Drilling,2022-08-01,,Completed,245153,27,16
SO0359,RIG163,WELL386,CUST039,Wireline,2022-12-31,2023-01-02,Scheduled,347526,78,5
SO0360,RIG171,WELL444,CUST050,Drilling,2022-11-30,2022-12-28,In Progress,440556,90,4
SO0361,RIG136,WELL098,CUST048,Stimulation,2022-05-31,2022-06-01,Completed,54108,13,5
SO0362,RIG054,WELL052,CUST017,Coiled Tubing,2022-07-06,2022-07-20,Completed,259196,38,14
SO0363,RIG078,WELL355,CUST009,Pressure Pumping,2022-04-12,2022-05-09,Completed,389662,19,11
SO0364,RIG171,WELL134,CUST031,Cementing,2023-01-16,,Completed,253740,56,3
SO0365,RIG015,WELL257,CUST012,Wireline,2023-09-11,2023-09-16,Completed,381569,95,17
SO0366,RIG164,WELL106,CUST037,Pressure Pumping,2023-09-06,2023-09-28,Scheduled,224404,74,3
SO0367,RIG046,WELL049,CUST043,Coiled Tubing,2022-08-15,2022-08-18,Completed,182448,63,15
SO0368,RIG192,WELL191,CUST024,Wireline,2022-02-04,,Completed,466085,29,10
SO0369,RIG010,WELL087,CUST047,Completion,2023-01-25,,In Progress,143075,92,13
SO0370,RIG128,WELL279,CUST042,Directional Drilling,2022-12-18,2023-01-10,Completed,222785,50,4
SO0371,RIG056,WELL413,CUST002,Drilling,2023-09-13,2023-09-29,Completed,243486,34,19
SO0372,RIG114,WELL116,CUST031,Drilling,2023-04-05,,Completed,240894,59,17
SO0373,RIG022,WELL332,CUST012,Pressure Pumping,2023-09-01,2023-09-18,Completed,275172,92,18
SO0374,RIG046,WELL327,CUST048,Coiled Tubing,2022-03-30,2022-04-12,Scheduled,323308,52,15
SO0375,RIG101,WELL214,CUST036,Directional Drilling,2022-05-12,2022-06-08,Completed,227524,84,6
SO0376,RIG133,WELL380,CUST021,Directional Drilling,2023-12-08,,Completed,343521,45,12
SO0377,RIG082,WELL170,CUST005,Wireline,2022-06-17,2022-07-08,Completed,457848,91,3
SO0378,RIG175,WELL215,CUST025,Completion,2023-05-05,2023-05-17,Completed,54485,56,18
SO0379,RIG177,WELL466,CUST034,Wireline,2023-07-07,2023-08-02,Completed,307447,86,17
SO0380,RIG108,WELL152,CUST006,Coiled Tubing,2023-09-17,2023-10-09,Completed,261463,32,7
SO0381,RIG002,WELL309,CUST032,Wireline,2023-06-06,2023-07-05,Scheduled,60742,99,13
SO0382,RIG140,WELL441,CUST046,Directional Drilling,2023-11-05,2023-11-18,Completed,197147,15,5
SO0383,RIG175,WELL178,CUST031,Stimulation,2023-08-27,2023-09-04,Completed,356618,27,2
SO0384,RIG037,WELL016,CUST008,Completion,2023-12-22,2023-12-29,Completed,434686,44,18
SO0385,RIG181,WELL036,CUST043,Pressure Pumping,2023-02-05,,Completed,234783,67,8
SO0386,RIG115,WELL341,CUST015,Stimulation,2023-01-12,2023-01-15,Completed,203413,15,3
SO0387,RIG141,WELL275,CUST018,Coiled Tubing,2023-11-12,2023-12-03,Completed,126544,55,13
SO0388,RIG102,WELL430,CUST014,Drilling,2022-08-31,2022-09-05,In Progress,153413,37,4
SO0389,RIG032,WELL071,CUST036,Directional Drilling,2022-12-04,2023-01-03,Completed,218978,11,5
SO0390,RIG064,WELL414,CUST037,Drilling,2022-06-29,2022-07-09,Scheduled,420853,56,8
SO0391,RIG047,WELL014,CUST035,Completion,2023-08-04,2023-09-03,Completed,103948,24,11
SO0392,RIG091,WELL342,CUST018,Directional Drilling,2023-03-27,2023-04-14,Completed,326963,11,10
SO0393,RIG174,WELL008,CUST010,Coiled Tubing,2023-01-30,2023-02-27,Completed,99876,79,9
SO0394,RIG194,WELL366,CUST007,Wireline,2023-02-09,2023-03-05,Completed,475214,35,10
SO0395,RIG071,WELL048,CUST020,Stimulation,2022-08-06,2022-08-31,Completed,151327,11,13
SO0396,RIG066,WELL265,CUST013,Directional Drilling,2022-10-15,2022-11-14,Scheduled,356744,43,10
SO0397,RIG180,WELL163,CUST021,Stimulation,2022-03-14,2022-04-04,Completed,188214,82,9
SO0398,RIG010,WELL367,CUST002,Coiled Tubing,2022-11-04,2022-11-24,Completed,275951,68,5
SO0399,RIG073,WELL229,CUST047,Cementing,2023-03-21,2023-04-05,Completed,238270,25,2
SO0400,RIG176,WELL244,CUST024,Cementing,2023-07-17,,Completed,252230,22,2
SO0401,RIG188,WELL366,CUST012,Drilling,2023-04-09,,Completed,117119,95,19
SO0402,RIG021,WELL494,CUST018,Wireline,2022-03-04,2022-03-24,Completed,191648,42,2
SO0403,RIG186,WELL275,CUST010,Cementing,2023-12-14,2024-01-10,In Progress,171933,61,3
SO0404,RIG049,WELL115,CUST020,Drilling,2023-06-30,2023-07-28,Completed,243385,98,13
SO0405,RIG001,WELL343,CUST019,Cementing,2022-03-02,2022-04-01,Completed,193013,62,13
SO0406,RIG186,WELL200,CUST043,Pressure Pumping,2023-01-20,,Scheduled,293882,13,7
SO0407,RIG113,WELL411,CUST008,Stimulation,2023-03-06,2023-03-20,Completed,318785,88,19
SO0408,RIG145,WELL333,CUST017,Completion,2023-04-01,,In Progress,145876,63,7
SO0409,RIG147,WELL199,CUST020,Coiled Tubing,2022-05-18,2022-06-16,Completed,140974,20,17
SO0410,RIG105,WELL239,CUST027,Stimulation,2023-07-15,2023-07-26,Completed,139157,43,3
SO0411,RIG114,WELL294,CUST015,Drilling,2022-07-21,2022-08-07,In Progress,126554,16,4
SO0412,RIG149,WELL186,CUST016,Wireline,2022-04-30,2022-05-28,In Progress,283473,100,19
SO0413,RIG194,WELL004,CUST043,Coiled Tubing,2022-09-05,2022-09-12,Completed,457041,38,20
SO0414,RIG158,WELL098,CUST035,Pressure Pumping,2023-11-29,2023-12-04,In Progress,346999,61,8
SO0415,RIG174,WELL468,CUST048,Directional Drilling,2022-08-10,2022-08-29,Completed,211950,74,13
SO0416,RIG116,WELL391,CUST046,Directional Drilling,2022-07-15,2022-07-24,Completed,133843,99,7
SO0417,RIG108,WELL369,CUST039,Directional Drilling,2023-06-22,2023-07-12,Completed,355841,76,6
SO0418,RIG024,WELL398,CUST043,Completion,2022-02-18,2022-03-14,Scheduled,496903,65,19
SO0419,RIG173,WELL385,CUST041,Pressure Pumping,2022-09-15,2022-10-09,Completed,374809,79,6
SO0420,RIG081,WELL230,CUST009,Stimulation,2022-12-30,2023-01-17,Completed,367726,18,13
SO0421,RIG159,WELL202,CUST016,Drilling,2022-06-25,2022-07-21,Scheduled,488075,91,16
SO0422,RIG035,WELL143,CUST018,Completion,2022-10-18,2022-10-31,Scheduled,58382,61,6
SO0423,RIG125,WELL022,CUST035,Cementing,2022-07-13,,Completed,434836,52,6
SO0424,RIG163,WELL001,CUST014,Pressure Pumping,2022-07-12,,Completed,248633,13,13
SO0425,RIG191,WELL076,CUST041,Directional Drilling,2023-02-09,2023-02-16,Scheduled,95893,18,18
SO0426,RIG096,WELL460,CUST019,Directional Drilling,2023-11-29,2023-12-11,Completed,112324,93,18
SO0427,RIG040,WELL137,CUST029,Coiled Tubing,2023-06-01,2023-06-16,Completed,231736,44,10
SO0428,RIG059,WELL156,CUST046,Coiled Tubing,2023-02-27,2023-03-07,Scheduled,180581,61,2
SO0429,RIG158,WELL399,CUST006,Directional Drilling,2023-04-05,2023-04-19,Completed,428997,70,16
SO0430,RIG076,WELL191,CUST046,Wireline,2023-08-30,2023-09-02,Completed,338828,47,15
SO0431,RIG142,WELL077,CUST050,Pressure Pumping,2022-06-13,2022-06-17,Scheduled,444524,52,5
SO0432,RIG071,WELL459,CUST049,Coiled Tubing,2022-03-20,,Scheduled,375633,25,8
SO0433,RIG133,WELL234,CUST020,Drilling,2022-09-01,,In Progress,275390,17,2
SO0434,RIG195,WELL060,CUST025,Drilling,2023-12-07,,Completed,212301,13,14
SO0435,RIG186,WELL072,CUST024,Stimulation,2022-09-13,2022-09-18,Completed,94986,93,12
SO0436,RIG010,WELL302,CUST009,Pressure Pumping,2023-08-05,2023-09-03,Scheduled,277360,44,6
SO0437,RIG044,WELL045,CUST047,Completion,2022-08-28,2022-09-19,Completed,437269,21,17
SO0438,RIG079,WELL264,CUST045,Drilling,2023-01-28,2023-02-14,Completed,456660,41,13
SO0439,RIG067,WELL400,CUST036,Coiled Tubing,2022-09-12,2022-10-04,Completed,417176,42,6
SO0440,RIG105,WELL332,CUST019,Cementing,2023-07-23,2023-08-22,Completed,112705,58,13
SO0441,RIG196,WELL036,CUST049,Pressure Pumping,2022-07-29,2022-08-14,Scheduled,251475,94,12
SO0442,RIG100,WELL100,CUST003,Coiled Tubing,2022-12-25,2023-01-20,Completed,267141,50,19
SO0443,RIG119,WELL139,CUST001,Directional Drilling,2023-02-14,2023-03-13,Completed,372557,78,2
SO0444,RIG132,WELL102,CUST043,Wireline,2023-02-25,2023-02-27,In Progress,201453,43,2
SO0445,RIG169,WELL473,CUST028,Drilling,2022-08-20,,Completed,386825,97,14
SO0446,RIG038,WELL134,CUST005,Coiled Tubing,2022-10-29,2022-11-27,Completed,401753,67,3
SO0447,RIG026,WELL294,CUST023,Wireline,2022-12-20,2022-12-25,Completed,79506,27,16
SO0448,RIG008,WELL492,CUST036,Completion,2022-09-15,2022-10-11,Scheduled,309306,37,6
SO0449,RIG018,WELL275,CUST050,Stimulation,2023-07-23,2023-07-26,Completed,95270,30,19
SO0450,RIG011,WELL490,CUST034,Coiled Tubing,2023-01-11,2023-02-07,Completed,406443,95,10
SO0451,RIG031,WELL390,CUST046,Drilling,2023-06-21,2023-06-27,In Progress,65448,100,9
SO0452,RIG127,WELL440,CUST040,Completion,2022-12-03,2022-12-15,Completed,114652,96,3
SO0453,RIG134,WELL021,CUST023,Wireline,2023-12-26,,In Progress,267776,54,10
SO0454,RIG112,WELL249,CUST033,Completion,2023-12-26,,In Progress,150307,95,5
SO0455,RIG111,WELL075,CUST006,Cementing,2023-06-18,2023-07-03,Completed,126130,78,3
SO0456,RIG169,WELL394,CUST041,Wireline,2022-10-18,2022-11-14,In Progress,463394,38,19
SO0457,RIG140,WELL322,CUST028,Pressure Pumping,2022-08-24,2022-09-03,In Progress,299243,68,20
SO0458,RIG069,WELL240,CUST027,Coiled Tubing,2022-10-02,2022-10-29,In Progress,126567,13,3
SO0459,RIG194,WELL240,CUST042,Wireline,2022-06-17,2022-06-23,Completed,458562,11,3
SO0460,RIG031,WELL174,CUST009,Coiled Tubing,2023-07-11,,Scheduled,95522,18,19
SO0461,RIG144,WELL189,CUST034,Wireline,2023-04-05,2023-04-17,Completed,95240,33,3
SO0462,RIG065,WELL115,CUST037,Cementing,2023-09-22,,Scheduled,202141,23,6
SO0463,RIG020,WELL426,CUST046,Coiled Tubing,2022-11-09,2022-12-05,Completed,102521,35,7
SO0464,RIG018,WELL206,CUST008,Cementing,2023-11-11,2023-11-21,Scheduled,316198,93,3
SO0465,RIG186,WELL022,CUST019,Directional Drilling,2022-08-29,2022-09-20,Completed,248512,10,10
SO0466,RIG022,WELL126,CUST021,Stimulation,2022-11-25,2022-12-07,Completed,218026,15,19
SO0467,RIG027,WELL147,CUST008,Drilling,2023-07-04,2023-07-20,Completed,256126,76,18
SO0468,RIG031,WELL041,CUST046,Drilling,2023-11-06,2023-11-16,Scheduled,246633,35,4
SO0469,RIG007,WELL104,CUST031,Coiled Tubing,2022-05-30,2022-06-29,Completed,130546,59,16
SO0470,RIG021,WELL219,CUST029,Directional Drilling,2023-11-16,2023-12-03,In Progress,376875,38,5
SO0471,RIG062,WELL138,CUST028,Pressure Pumping,2022-10-09,2022-11-05,Scheduled,312076,61,18
SO0472,RIG113,WELL439,CUST029,Coiled Tubing,2022-04-23,2022-05-12,Completed,253096,66,4
SO0473,RIG127,WELL447,CUST030,Stimulation,2022-03-13,2022-04-12,Completed,442249,40,9
SO0474,RIG013,WELL127,CUST045,Coiled Tubing,2023-10-22,2023-11-10,Completed,345286,28,16
SO0475,RIG078,WELL244,CUST036,Cementing,2022-07-24,2022-07-28,Scheduled,449487,23,2
SO0476,RIG110,WELL200,CUST019,Stimulation,2023-02-19,2023-03-21,In Progress,73067,21,2
SO0477,RIG098,WELL224,CUST012,Pressure Pumping,2022-02-27,2022-03-04,In Progress,311955,83,11
SO0478,RIG073,WELL497,CUST035,Completion,2022-09-22,2022-09-23,In Progress,283954,55,18
SO0479,RIG044,WELL495,CUST011,Wireline,2022-12-24,2023-01-14,In Progress,70471,96,6
SO0480,RIG143,WELL086,CUST050,Stimulation,2022-02-24,,Completed,465710,37,16
SO0481,RIG066,WELL313,CUST041,Completion,2023-01-07,,Completed,121290,74,9
SO0482,RIG137,WELL186,CUST003,Cementing,2023-01-08,2023-01-15,Completed,154465,53,5
SO0483,RIG034,WELL248,CUST041,Coiled Tubing,2023-06-30,2023-07-20,Completed,174934,94,2
SO0484,RIG033,WELL270,CUST037,Pressure Pumping,2023-07-10,,Completed,342414,86,15
SO0485,RIG015,WELL174,CUST010,Coiled Tubing,2022-09-29,2022-10-17,In Progress,430018,32,6
SO0486,RIG004,WELL181,CUST017,Wireline,2022-08-03,2022-08-13,In Progress,66111,95,20
SO0487,RIG044,WELL372,CUST002,Directional Drilling,2023-07-29,2023-08-17,Scheduled,493485,78,3
SO0488,RIG114,WELL044,CUST015,Wireline,2022-07-06,2022-07-13,Completed,60823,26,15
SO0489,RIG039,WELL059,CUST045,Coiled Tubing,2022-07-17,2022-08-10,Completed,272789,15,7
SO0490,RIG005,WELL481,CUST013,Drilling,2022-08-25,,Completed,192619,20,5
SO0491,RIG023,WELL229,CUST033,Stimulation,2023-10-12,2023-11-07,Scheduled,335554,71,14
SO0492,RIG139,WELL198,CUST002,Completion,2022-06-16,,Completed,80266,85,5
SO0493,RIG089,WELL105,CUST044,Coiled Tubing,2023-07-03,,Completed,469770,97,11
SO0494,RIG040,WELL350,CUST007,Completion,2022-04-03,2022-04-29,In Progress,275184,69,13
SO0495,RIG147,WELL192,CUST050,Completion,2023-12-06,,Completed,117711,54,9
SO0496,RIG048,WELL178,CUST023,Drilling,2022-01-30,2022-02-12,Scheduled,264140,14,12
SO0497,RIG121,WELL300,CUST022,Stimulation,2022-02-09,,Scheduled,480884,17,13
SO0498,RIG032,WELL086,CUST039,Coiled Tubing,2023-04-24,,Completed,403042,32,3
SO0499,RIG019,WELL425,CUST045,Drilling,2022-04-07,2022-04-16,Completed,317896,50,18
SO0500,RIG188,WELL312,CUST037,Pressure Pumping,2022-02-14,2022-03-07,In Progress,494141,11,14
SO0501,RIG080,WELL404,CUST040,Drilling,2023-12-07,2023-12-08,In Progress,287818,30,10
SO0502,RIG170,WELL458,CUST014,Completion,2023-02-18,2023-03-08,In Progress,430217,16,2
SO0503,RIG075,WELL157,CUST016,Directional Drilling,2023-11-16,,Scheduled,334800,58,17
SO0504,RIG191,WELL127,CUST041,Drilling,2023-10-14,2023-11-09,Completed,444812,65,8
SO0505,RIG020,WELL295,CUST020,Wireline,2023-08-29,,Scheduled,272093,70,20
SO0506,RIG043,WELL464,CUST049,Drilling,2022-07-13,2022-07-14,Completed,425668,76,16
SO0507,RIG152,WELL234,CUST015,Drilling,2022-06-12,2022-06-24,Scheduled,217991,29,16
SO0508,RIG113,WELL243,CUST008,Pressure Pumping,2023-08-23,2023-09-06,Completed,227003,50,11
SO0509,RIG197,WELL432,CUST011,Drilling,2022-03-29,,Completed,201703,49,14
SO0510,RIG180,WELL414,CUST017,Stimulation,2023-01-31,2023-02-07,Completed,50099,23,14
SO0511,RIG176,WELL253,CUST008,Cementing,2022-10-31,2022-11-13,Completed,287775,99,12
SO0512,RIG024,WELL112,CUST041,Coiled Tubing,2023-09-18,2023-09-24,Scheduled,53442,67,8
SO0513,RIG185,WELL425,CUST049,Pressure Pumping,2023-06-29,2023-07-15,Completed,447881,100,6
SO0514,RIG149,WELL425,CUST019,Wireline,2022-12-27,,In Progress,361260,95,7
SO0515,RIG168,WELL388,CUST034,Stimulation,2022-08-18,,Completed,476004,85,20
SO0516,RIG125,WELL371,CUST031,Directional Drilling,2022-08-08,2022-09-05,Completed,232011,14,20
SO0517,RIG178,WELL192,CUST034,Completion,2022-02-26,2022-03-27,Scheduled,306476,21,18
SO0518,RIG086,WELL461,CUST019,Stimulation,2022-11-01,,In Progress,155723,87,16
SO0519,RIG035,WELL229,CUST025,Coiled Tubing,2023-08-27,2023-08-30,Completed,344883,70,20
SO0520,RIG163,WELL012,CUST007,Completion,2022-07-06,,Scheduled,315884,80,6
SO0521,RIG010,WELL478,CUST036,Stimulation,2023-02-11,2023-02-19,In Progress,331063,16,7
SO0522,RIG185,WELL437,CUST033,Completion,2023-02-07,2023-02-12,Completed,53519,98,10
SO0523,RIG197,WELL183,CUST044,Coiled Tubing,2023-10-10,,Scheduled,91816,97,12
SO0524,RIG171,WELL039,CUST009,Coiled Tubing,2022-03-09,2022-03-20,Completed,393502,80,19
SO0525,RIG172,WELL082,CUST049,Cementing,2023-01-13,2023-02-04,Completed,122575,76,5
SO0526,RIG005,WELL298,CUST039,Coiled Tubing,2023-07-22,2023-08-01,Scheduled,167473,65,10
SO0527,RIG105,WELL023,CUST033,Pressure Pumping,2023-02-01,2023-02-25,In Progress,395768,89,13
SO0528,RIG126,WELL419,CUST015,Completion,2022-12-06,2023-01-02,Completed,466409,11,16
SO0529,RIG191,WELL122,CUST033,Drilling,2023-06-21,2023-07-14,Scheduled,165669,14,16
SO0530,RIG091,WELL402,CUST047,Coiled Tubing,2023-03-28,2023-04-07,In Progress,122129,89,14
SO0531,RIG113,WELL297,CUST042,Drilling,2023-03-26,,Completed,62075,62,9
SO0532,RIG023,WELL412,CUST014,Wireline,2023-10-07,2023-10-20,Completed,202426,88,13
SO0533,RIG027,WELL030,CUST006,Drilling,2023-08-30,2023-09-22,Completed,202765,45,17
SO0534,RIG161,WELL014,CUST034,Drilling,2022-10-15,2022-10-28,Completed,238055,83,16
SO0535,RIG038,WELL231,CUST001,Stimulation,2022-01-28,2022-02-13,Scheduled,396085,67,17
SO0536,RIG094,WELL028,CUST039,Completion,2023-11-24,2023-12-09,In Progress,474098,87,7
SO0537,RIG078,WELL051,CUST018,Pressure Pumping,2022-11-12,2022-11-14,Completed,477875,19,6
SO0538,RIG157,WELL369,CUST011,Pressure Pumping,2023-12-15,2024-01-06,Completed,247722,28,15
SO0539,RIG093,WELL026,CUST041,Drilling,2023-11-13,,Completed,496259,58,7
SO0540,RIG016,WELL434,CUST033,Drilling,2023-02-07,,Scheduled,147633,42,20
SO0541,RIG093,WELL212,CUST033,Directional Drilling,2022-10-14,2022-11-02,Completed,148612,28,18
SO0542,RIG155,WELL037,CUST025,Cementing,2023-11-27,2023-12-03,Completed,184467,46,5
SO0543,RIG035,WELL325,CUST010,Coiled Tubing,2023-07-03,,In Progress,217323,24,9
SO0544,RIG106,WELL302,CUST049,Cementing,2023-06-03,,In Progress,366553,98,15
SO0545,RIG134,WELL490,CUST016,Pressure Pumping,2022-01-10,2022-01-23,Completed,60039,48,20
SO0546,RIG132,WELL165,CUST013,Wireline,2022-07-30,2022-08-06,In Progress,299604,99,7
SO0547,RIG016,WELL133,CUST035,Pressure Pumping,2023-09-01,,Completed,407613,22,10
SO0548,RIG035,WELL136,CUST013,Drilling,2022-11-11,2022-11-19,In Progress,350627,66,5
SO0549,RIG112,WELL238,CUST006,Directional Drilling,2023-07-04,2023-07-31,In Progress,450911,54,5
SO0550,RIG080,WELL086,CUST006,Wireline,2022-07-12,2022-07-19,Scheduled,95850,86,6
SO0551,RIG002,WELL323,CUST032,Completion,2022-01-24,2022-01-28,Completed,412794,31,19
SO0552,RIG132,WELL403,CUST011,Cementing,2022-08-10,2022-08-27,Completed,109234,31,18
SO0553,RIG030,WELL115,CUST035,Pressure Pumping,2023-11-15,2023-12-15,In Progress,347588,57,2
SO0554,RIG033,WELL084,CUST019,Wireline,2023-06-18,2023-07-11,Scheduled,234592,36,7
SO0555,RIG180,WELL100,CUST009,Wireline,2023-06-13,2023-07-08,In Progress,461438,99,17
SO0556,RIG123,WELL399,CUST003,Coiled Tubing,2023-12-17,2024-01-08,Scheduled,125502,97,11
SO0557,RIG041,WELL377,CUST032,Wireline,2022-08-02,2022-08-11,Completed,281946,96,20
SO0558,RIG106,WELL329,CUST045,Drilling,2022-02-08,2022-02-17,Scheduled,132147,89,3
SO0559,RIG134,WELL468,CUST044,Directional Drilling,2022-06-07,,Completed,190432,71,14
SO0560,RIG030,WELL050,CUST049,Cementing,2022-01-04,2022-01-05,Completed,362137,59,7
SO0561,RIG143,WELL281,CUST008,Drilling,2022-12-22,2023-01-14,In Progress,439534,38,17
SO0562,RIG110,WELL352,CUST038,Stimulation,2022-01-02,,In Progress,442939,23,4
SO0563,RIG098,WELL202,CUST038,Directional Drilling,2022-11-26,,In Progress,180008,27,13
SO0564,RIG069,WELL410,CUST044,Cementing,2022-07-27,2022-08-03,Completed,139316,32,5
SO0565,RIG114,WELL331,CUST045,Coiled Tubing,2023-12-10,2023-12-24,In Progress,387529,26,7
SO0566,RIG191,WELL147,CUST015,Pressure Pumping,2023-02-28,2023-03-28,Completed,389962,35,9
SO0567,RIG079,WELL299,CUST004,Stimulation,2023-08-29,2023-09-27,Completed,178725,97,4
SO0568,RIG066,WELL303,CUST044,Wireline,2023-02-17,2023-03-18,Completed,177396,38,6
SO0569,RIG038,WELL135,CUST039,Wireline,2023-11-13,2023-11-19,Scheduled,480216,79,18
SO0570,RIG167,WELL307,CUST029,Pressure Pumping,2022-05-06,,Completed,178651,100,2
SO0571,RIG198,WELL314,CUST040,Cementing,2023-04-05,,Completed,324226,25,16
SO0572,RIG032,WELL081,CUST023,Wireline,2023-01-16,2023-01-22,In Progress,277477,94,20
SO0573,RIG088,WELL203,CUST018,Pressure Pumping,2023-01-25,2023-02-15,Completed,193037,92,18
SO0574,RIG154,WELL086,CUST012,Cementing,2023-07-15,2023-07-29,Completed,134709,76,2
SO0575,RIG144,WELL384,CUST038,Pressure Pumping,2022-04-04,2022-04-11,In Progress,230011,54,4
SO0576,RIG079,WELL158,CUST018,Pressure Pumping,2023-05-04,2023-05-09,In Progress,92841,43,14
SO0577,RIG199,WELL152,CUST037,Stimulation,2022-08-04,2022-08-11,Completed,357655,69,7
SO0578,RIG023,WELL412,CUST032,Wireline,2023-06-27,2023-06-29,In Progress,230085,68,11
SO0579,RIG115,WELL156,CUST014,Cementing,2023-09-03,2023-09-27,Scheduled,395746,100,19
SO0580,RIG099,WELL405,CUST039,Directional Drilling,2022-02-18,,Completed,321589,55,6
SO0581,RIG069,WELL389,CUST012,Completion,2023-11-15,2023-11-27,In Progress,478337,16,4
SO0582,RIG039,WELL201,CUST014,Pressure Pumping,2022-11-06,2022-11-27,In Progress,339602,83,18
SO0583,RIG002,WELL312,CUST007,Coiled Tubing,2022-03-27,2022-04-03,Completed,240033,54,6
SO0584,RIG193,WELL485,CUST025,Stimulation,2023-03-05,,Completed,61253,47,19
SO0585,RIG102,WELL433,CUST028,Pressure Pumping,2022-03-31,2022-04-29,Completed,147395,48,9
SO0586,RIG103,WELL282,CUST011,Completion,2023-09-17,2023-10-04,Completed,422420,69,15
SO0587,RIG113,WELL470,CUST036,Pressure Pumping,2022-08-30,2022-09-08,Completed,53087,11,4
SO0588,RIG158,WELL437,CUST049,Coiled Tubing,2023-07-11,2023-08-07,Completed,282425,70,15
SO0589,RIG131,WELL015,CUST042,Wireline,2023-12-09,2023-12-17,Completed,354275,19,5
SO0590,RIG137,WELL246,CUST004,Wireline,2023-05-29,2023-06-26,Completed,132102,64,15
SO0591,RIG009,WELL044,CUST002,Completion,2024-01-01,2024-01-26,Completed,488707,16,4
SO0592,RIG105,WELL315,CUST039,Pressure Pumping,2023-08-18,2023-09-07,Completed,108611,50,19
SO0593,RIG136,WELL266,CUST050,Directional Drilling,2023-07-03,2023-08-02,Completed,88339,38,10
SO0594,RIG031,WELL116,CUST034,Wireline,2023-03-05,,Completed,166034,34,16
SO0595,RIG075,WELL244,CUST015,Completion,2022-06-29,,Scheduled,106610,81,15
SO0596,RIG074,WELL103,CUST046,Completion,2023-03-15,2023-03-27,Completed,52704,86,11
SO0597,RIG027,WELL172,CUST048,Stimulation,2023-10-30,,Completed,400724,28,16
SO0598,RIG006,WELL188,CUST034,Cementing,2023-10-20,2023-10-30,Scheduled,458607,95,14
SO0599,RIG167,WELL365,CUST019,Pressure Pumping,2022-10-07,2022-10-15,Completed,277035,77,16
SO0600,RIG048,WELL455,CUST047,Coiled Tubing,2023-08-23,2023-09-04,Completed,454198,57,17
SO0601,RIG017,WELL071,CUST021,Cementing,2023-07-21,,Completed,342935,86,2
SO0602,RIG134,WELL240,CUST042,Stimulation,2023-07-29,,Completed,244372,60,7
SO0603,RIG116,WELL479,CUST027,Pressure Pumping,2023-08-13,2023-09-09,Completed,387183,44,4
SO0604,RIG115,WELL292,CUST029,Directional Drilling,2022-05-10,2022-05-28,Scheduled,62619,70,10
SO0605,RIG124,WELL117,CUST044,Cementing,2023-07-05,,In Progress,141704,73,7
SO0606,RIG017,WELL094,CUST003,Stimulation,2022-07-01,2022-07-16,Completed,214235,26,19
SO0607,RIG070,WELL110,CUST044,Pressure Pumping,2022-06-27,2022-07-13,Completed,377653,13,19
SO0608,RIG094,WELL449,CUST012,Cementing,2023-10-07,2023-10-30,Completed,107992,51,16
SO0609,RIG148,WELL010,CUST024,Directional Drilling,2023-08-08,2023-08-17,Completed,237483,20,8
SO0610,RIG050,WELL307,CUST003,Coiled Tubing,2022-08-11,,In Progress,335337,63,4
SO0611,RIG100,WELL122,CUST019,Coiled Tubing,2023-04-30,2023-05-06,Completed,405658,96,8
SO0612,RIG130,WELL344,CUST008,Cementing,2022-12-04,2022-12-14,Completed,102358,61,7
SO0613,RIG112,WELL129,CUST047,Completion,2023-02-08,2023-02-22,In Progress,401428,91,20
SO0614,RIG170,WELL137,CUST031,Drilling,2023-05-24,2023-06-22,Scheduled,391008,78,10
SO0615,RIG153,WELL170,CUST008,Coiled Tubing,2023-05-08,2023-05-18,Completed,153465,79,16
SO0616,RIG012,WELL279,CUST011,Completion,2023-06-26,2023-07-19,In Progress,159391,29,5
SO0617,RIG125,WELL394,CUST040,Directional Drilling,2022-12-19,2023-01-02,In Progress,92738,65,15
SO0618,RIG131,WELL476,CUST011,Cementing,2022-12-16,2022-12-17,In Progress,149035,72,16
SO0619,RIG115,WELL285,CUST014,Completion,2023-12-28,2024-01-22,Scheduled,301419,69,19
SO0620,RIG129,WELL267,CUST038,Directional Drilling,2023-07-13,2023-08-07,Completed,325397,99,13
SO0621,RIG105,WELL309,CUST044,Completion,2023-11-21,2023-12-02,In Progress,322333,54,20
SO0622,RIG097,WELL224,CUST030,Completion,2023-03-07,,Scheduled,304674,83,6
SO0623,RIG090,WELL202,CUST021,Completion,2022-10-26,2022-11-15,Completed,101610,28,6
SO0624,RIG121,WELL401,CUST004,Directional Drilling,2022-10-09,2022-10-10,Completed,147796,27,7
SO0625,RIG180,WELL458,CUST040,Cementing,2022-01-13,2022-02-05,Scheduled,158386,45,13
SO0626,RIG014,WELL043,CUST041,Pressure Pumping,2023-11-12,2023-11-22,Completed,443826,26,8
SO0627,RIG075,WELL120,CUST007,Drilling,2022-09-03,2022-09-18,Completed,60834,95,2
SO0628,RIG083,WELL472,CUST036,Directional Drilling,2022-11-16,2022-12-10,Completed,56888,40,14
SO0629,RIG103,WELL280,CUST050,Pressure Pumping,2023-02-04,2023-02-27,Completed,417852,19,11
SO0630,RIG166,WELL178,CUST047,Wireline,2022-01-04,,Completed,393508,36,10
SO0631,RIG165,WELL426,CUST003,Stimulation,2022-06-30,,Completed,326043,64,10
SO0632,RIG069,WELL357,CUST012,Wireline,2022-01-15,,Completed,376610,93,7
SO0633,RIG021,WELL044,CUST020,Wireline,2023-11-04,2023-11-22,Scheduled,97231,25,17
SO0634,RIG140,WELL106,CUST050,Directional Drilling,2022-07-05,2022-07-22,Scheduled,345605,23,20
SO0635,RIG139,WELL365,CUST034,Drilling,2022-07-04,2022-07-29,Completed,222100,11,6
SO0636,RIG081,WELL426,CUST005,Stimulation,2022-09-01,2022-09-12,Scheduled,337606,27,17
SO0637,RIG137,WELL370,CUST049,Directional Drilling,2022-05-09,2022-05-17,In Progress,188182,22,4
SO0638,RIG087,WELL424,CUST022,Pressure Pumping,2022-07-23,2022-08-17,Completed,181483,71,12
SO0639,RIG163,WELL197,CUST028,Directional Drilling,2023-10-15,,In Progress,163183,53,6
SO0640,RIG122,WELL220,CUST037,Cementing,2022-07-12,2022-07-15,Completed,474647,23,4
SO0641,RIG147,WELL210,CUST048,Coiled Tubing,2022-08-30,2022-09-06,Completed,255356,53,12
SO0642,RIG136,WELL326,CUST020,Completion,2023-03-15,2023-03-26,Scheduled,459865,74,20
SO0643,RIG123,WELL345,CUST033,Drilling,2022-10-19,2022-11-04,Completed,305498,37,5
SO0644,RIG026,WELL493,CUST002,Stimulation,2022-10-19,2022-10-26,Scheduled,365097,99,14
SO0645,RIG085,WELL473,CUST009,Completion,2023-10-26,2023-11-11,In Progress,315587,98,20
SO0646,RIG080,WELL488,CUST007,Cementing,2023-11-16,2023-12-16,Completed,143284,56,16
SO0647,RIG004,WELL465,CUST036,Coiled Tubing,2023-05-09,2023-05-13,Completed,404648,99,2
SO0648,RIG083,WELL494,CUST048,Pressure Pumping,2022-05-07,,Completed,116573,35,8
SO0649,RIG007,WELL050,CUST008,Pressure Pumping,2023-04-04,2023-04-22,Completed,495879,31,3
SO0650,RIG130,WELL043,CUST035,Directional Drilling,2022-07-28,,Completed,152637,10,18
SO0651,RIG150,WELL431,CUST020,Completion,2022-10-04,2022-11-03,Completed,355813,43,14
SO0652,RIG024,WELL013,CUST041,Completion,2023-01-04,2023-01-19,In Progress,184650,57,3
SO0653,RIG183,WELL001,CUST045,Cementing,2022-09-25,2022-10-16,Completed,223862,26,13
SO0654,RIG037,WELL087,CUST037,Stimulation,2023-08-26,2023-09-17,In Progress,262860,25,13
SO0655,RIG114,WELL458,CUST014,Pressure Pumping,2022-05-08,2022-05-25,Scheduled,479560,44,20
SO0656,RIG004,WELL334,CUST047,Cementing,2022-10-21,2022-10-30,In Progress,216314,96,18
SO0657,RIG170,WELL132,CUST043,Drilling,2022-11-30,2022-12-29,Completed,52806,71,10
SO0658,RIG057,WELL219,CUST016,Pressure Pumping,2022-07-08,2022-07-17,Completed,251859,93,17
SO0659,RIG184,WELL201,CUST012,Completion,2023-03-22,2023-03-26,In Progress,122720,28,17
SO0660,RIG197,WELL035,CUST015,Pressure Pumping,2022-06-11,2022-06-18,Completed,485311,85,18
SO0661,RIG060,WELL038,CUST034,Drilling,2023-03-05,2023-03-29,Completed,244050,57,18
SO0662,RIG079,WELL024,CUST006,Wireline,2023-11-19,2023-12-13,Completed,324665,48,5
SO0663,RIG149,WELL195,CUST044,Directional Drilling,2022-06-21,2022-07-11,In Progress,127587,93,3
SO0664,RIG008,WELL005,CUST035,Pressure Pumping,2022-02-18,2022-02-21,Completed,460484,81,4
SO0665,RIG058,WELL005,CUST016,Pressure Pumping,2022-06-26,2022-06-27,In Progress,487660,16,5
SO0666,RIG059,WELL283,CUST023,Coiled Tubing,2023-07-12,2023-07-26,Completed,106151,85,4
SO0667,RIG139,WELL456,CUST031,Wireline,2023-04-19,,Completed,223235,39,12
SO0668,RIG187,WELL153,CUST013,Cementing,2023-06-15,,Completed,479149,24,2
SO0669,RIG014,WELL368,CUST034,Wireline,2023-04-14,2023-05-08,Completed,179844,85,18
SO0670,RIG135,WELL293,CUST012,Drilling,2022-02-13,2022-03-14,Completed,345860,98,9
SO0671,RIG165,WELL466,CUST014,Coiled Tubing,2023-12-13,2024-01-09,Completed,251101,90,2
SO0672,RIG181,WELL319,CUST006,Wireline,2023-01-12,2023-01-19,Scheduled,379149,41,19
SO0673,RIG087,WELL217,CUST043,Directional Drilling,2023-10-28,2023-11-25,Completed,309057,14,18
SO0674,RIG184,WELL205,CUST005,Completion,2022-10-25,2022-10-29,In Progress,427892,80,5
SO0675,RIG073,WELL130,CUST042,Drilling,2023-04-08,2023-04-25,Completed,181887,61,13
SO0676,RIG101,WELL313,CUST021,Coiled Tubing,2023-11-24,2023-12-15,Completed,254893,38,9
SO0677,RIG053,WELL191,CUST043,Coiled Tubing,2023-03-24,,Completed,258776,55,3
SO0678,RIG149,WELL136,CUST031,Pressure Pumping,2022-05-17,2022-06-15,In Progress,393535,60,10
SO0679,RIG182,WELL490,CUST043,Coiled Tubing,2023-05-28,2023-06-07,Completed,151328,51,6
SO0680,RIG057,WELL142,CUST014,Pressure Pumping,2023-08-01,2023-08-17,Scheduled,290532,36,19
SO0681,RIG038,WELL156,CUST048,Completion,2023-11-06,2023-11-14,Completed,253290,17,9
SO0682,RIG074,WELL105,CUST025,Stimulation,2022-06-09,,Completed,376516,77,8
SO0683,RIG042,WELL028,CUST050,Coiled Tubing,2022-12-18,2023-01-15,Completed,363560,21,5
SO0684,RIG145,WELL238,CUST005,Cementing,2023-11-23,,Completed,184269,43,6
SO0685,RIG199,WELL251,CUST030,Cementing,2022-08-08,2022-09-02,Completed,436506,54,12
SO0686,RIG132,WELL308,CUST028,Directional Drilling,2023-02-24,,Completed,245121,88,20
SO0687,RIG016,WELL114,CUST015,Completion,2022-12-04,2022-12-31,Completed,90653,80,20
SO0688,RIG172,WELL062,CUST032,Wireline,2022-10-08,2022-10-09,Completed,216385,35,9
SO0689,RIG176,WELL357,CUST038,Directional Drilling,2023-02-07,2023-02-24,Scheduled,186183,41,7
SO0690,RIG172,WELL491,CUST034,Directional Drilling,2023-11-21,,Scheduled,410193,57,18
SO0691,RIG190,WELL156,CUST003,Wireline,2023-09-10,2023-09-26,Completed,321129,77,6
SO0692,RIG009,WELL254,CUST026,Cementing,2023-03-01,2023-03-31,Scheduled,53380,46,3
SO0693,RIG006,WELL490,CUST028,Cementing,2023-05-30,2023-06-26,In Progress,441876,87,14
SO0694,RIG084,WELL087,CUST030,Stimulation,2022-07-24,,Scheduled,51192,82,12
SO0695,RIG041,WELL233,CUST047,Coiled Tubing,2022-10-08,2022-10-23,In Progress,448823,51,2
SO0696,RIG181,WELL206,CUST009,Directional Drilling,2023-07-25,2023-08-10,Completed,244820,71,5
SO0697,RIG125,WELL103,CUST034,Directional Drilling,2023-01-02,,Completed,82790,51,11
SO0698,RIG138,WELL087,CUST005,Directional Drilling,2023-08-26,2023-09-08,Completed,142891,91,3
SO0699,RIG064,WELL097,CUST001,Completion,2022-11-25,,Scheduled,225155,89,14
SO0700,RIG160,WELL442,CUST002,Directional Drilling,2023-11-25,2023-12-02,Completed,483615,46,8
SO0701,RIG174,WELL036,CUST025,Stimulation,2022-01-14,2022-02-03,Scheduled,106149,59,18
SO0702,RIG182,WELL446,CUST015,Pressure Pumping,2023-12-26,2024-01-16,Completed,144818,77,12
SO0703,RIG098,WELL125,CUST008,Drilling,2022-10-30,2022-11-03,In Progress,445488,54,19
SO0704,RIG123,WELL357,CUST037,Cementing,2022-05-14,,In Progress,200636,14,16
SO0705,RIG029,WELL209,CUST034,Coiled Tubing,2023-11-18,2023-12-10,In Progress,95266,43,19
SO0706,RIG133,WELL266,CUST003,Cementing,2022-11-06,,Scheduled,264476,79,11
SO0707,RIG102,WELL190,CUST015,Completion,2023-03-01,2023-03-17,Completed,279517,37,9
SO0708,RIG060,WELL374,CUST032,Cementing,2022-07-15,2022-07-17,Completed,377452,93,10
SO0709,RIG111,WELL345,CUST045,Stimulation,2023-08-08,,In Progress,278738,46,15
SO0710,RIG087,WELL462,CUST001,Directional Drilling,2023-08-15,,Completed,231217,62,17
SO0711,RIG179,WELL072,CUST046,Wireline,2023-06-07,2023-06-16,Completed,248193,58,7
SO0712,RIG197,WELL284,CUST011,Wireline,2023-12-07,2024-01-01,Completed,249006,44,3
SO0713,RIG169,WELL420,CUST033,Pressure Pumping,2023-09-28,,Completed,134424,72,20
SO0714,RIG156,WELL107,CUST007,Coiled Tubing,2023-01-22,2023-02-16,In Progress,67938,54,20
SO0715,RIG152,WELL042,CUST028,Drilling,2022-04-20,2022-04-22,In Progress,444910,94,20
SO0716,RIG049,WELL105,CUST037,Completion,2023-05-11,2023-06-03,Scheduled,359884,100,7
SO0717,RIG070,WELL099,CUST020,Pressure Pumping,2022-07-21,,In Progress,243110,81,12
SO0718,RIG160,WELL085,CUST021,Coiled Tubing,2022-09-11,,Scheduled,302508,98,3
SO0719,RIG156,WELL026,CUST011,Wireline,2023-01-29,,Scheduled,437342,29,10
SO0720,RIG008,WELL140,CUST004,Completion,2023-06-24,2023-07-03,Scheduled,144361,38,7
SO0721,RIG091,WELL004,CUST041,Coiled Tubing,2022-05-29,2022-06-19,Completed,192220,58,16
SO0722,RIG001,WELL231,CUST044,Cementing,2023-06-28,,Completed,80655,13,19
SO0723,RIG108,WELL255,CUST047,Pressure Pumping,2023-04-20,,Completed,55435,82,20
SO0724,RIG121,WELL197,CUST048,Wireline,2023-05-23,,Scheduled,204232,10,18
SO0725,RIG129,WELL452,CUST008,Wireline,2023-08-15,2023-09-03,Completed,180682,72,20
SO0726,RIG023,WELL219,CUST033,Drilling,2022-10-12,,Completed,78563,89,15
SO0727,RIG193,WELL257,CUST037,Completion,2022-10-06,2022-10-27,Completed,70237,68,5
SO0728,RIG167,WELL248,CUST009,Coiled Tubing,2023-01-02,,Scheduled,396598,66,13
SO0729,RIG062,WELL328,CUST039,Coiled Tubing,2023-11-01,2023-11-15,Scheduled,327437,42,4
SO0730,RIG104,WELL493,CUST006,Pressure Pumping,2022-12-25,2023-01-24,In Progress,213070,67,5
SO0731,RIG107,WELL499,CUST008,Coiled Tubing,2022-01-06,2022-01-13,Completed,298706,81,20
SO0732,RIG036,WELL111,CUST018,Coiled Tubing,2023-09-15,2023-10-06,In Progress,170776,87,18
SO0733,RIG090,WELL500,CUST027,Pressure Pumping,2022-08-14,,Completed,105381,60,7
SO0734,RIG195,WELL005,CUST002,Completion,2022-11-07,2022-11-18,Completed,293685,19,16
SO0735,RIG173,WELL032,CUST030,Completion,2022-12-26,2023-01-17,Completed,307046,34,14
SO0736,RIG150,WELL434,CUST027,Drilling,2022-09-08,2022-09-22,In Progress,426689,89,14
SO0737,RIG162,WELL233,CUST010,Completion,2023-09-06,2023-09-29,Scheduled,249992,47,15
SO0738,RIG177,WELL191,CUST031,Directional Drilling,2022-08-05,2022-08-10,Completed,316668,33,20
SO0739,RIG090,WELL409,CUST019,Coiled Tubing,2023-01-07,2023-01-18,In Progress,250996,40,19
SO0740,RIG180,WELL454,CUST035,Completion,2022-03-25,2022-03-26,In Progress,384895,73,19
SO0741,RIG039,WELL122,CUST020,Completion,2022-05-07,2022-06-05,Completed,489648,84,14
SO0742,RIG055,WELL330,CUST006,Coiled Tubing,2023-05-24,2023-05-28,Completed,59174,91,16
SO0743,RIG058,WELL133,CUST045,Cementing,2022-06-23,2022-06-27,Completed,441294,34,18
SO0744,RIG112,WELL339,CUST007,Drilling,2023-12-07,2024-01-03,In Progress,263916,35,10
SO0745,RIG166,WELL368,CUST017,Drilling,2022-03-11,2022-03-20,Completed,488782,69,13
SO0746,RIG074,WELL126,CUST001,Wireline,2023-11-07,2023-11-17,In Progress,489712,63,12
SO0747,RIG057,WELL166,CUST001,Drilling,2023-05-29,2023-06-26,In Progress,224125,11,5
SO0748,RIG078,WELL177,CUST045,Pressure Pumping,2022-07-09,2022-07-26,Scheduled,329360,15,8
SO0749,RIG141,WELL293,CUST020,Drilling,2022-06-19,2022-06-27,Scheduled,368512,44,2
SO0750,RIG131,WELL161,CUST035,Coiled Tubing,2023-07-19,2023-08-11,Completed,179939,66,2
SO0751,RIG060,WELL211,CUST003,Coiled Tubing,2022-04-15,2022-04-19,Scheduled,169006,38,8
SO0752,RIG074,WELL165,CUST023,Drilling,2023-01-16,2023-02-11,Completed,422559,96,12
SO0753,RIG017,WELL471,CUST020,Directional Drilling,2022-05-08,2022-06-05,Completed,483312,78,11
SO0754,RIG101,WELL335,CUST003,Pressure Pumping,2022-06-10,,Completed,388600,89,15
SO0755,RIG160,WELL276,CUST038,Stimulation,2022-04-02,,Completed,403905,36,7
SO0756,RIG069,WELL034,CUST007,Stimulation,2023-07-14,2023-08-09,Completed,75784,34,13
SO0757,RIG100,WELL169,CUST040,Drilling,2022-09-07,,Completed,161294,96,18
SO0758,RIG011,WELL062,CUST050,Stimulation,2023-03-12,2023-04-08,Completed,339564,95,5
SO0759,RIG063,WELL094,CUST034,Cementing,2023-09-03,,Completed,464331,54,13
SO0760,RIG139,WELL064,CUST048,Stimulation,2022-09-21,,Completed,321723,57,15
SO0761,RIG188,WELL223,CUST034,Stimulation,2023-11-23,,Completed,178907,64,2
SO0762,RIG025,WELL296,CUST025,Stimulation,2022-04-14,2022-04-21,Completed,407415,12,3
SO0763,RIG198,WELL085,CUST029,Pressure Pumping,2022-06-07,2022-06-25,Completed,219521,25,3
SO0764,RIG107,WELL183,CUST047,Directional Drilling,2022-01-28,,Scheduled,350416,63,11
SO0765,RIG033,WELL213,CUST027,Pressure Pumping,2023-03-25,2023-04-19,In Progress,250935,68,15
SO0766,RIG147,WELL059,CUST017,Stimulation,2022-10-21,2022-11-04,In Progress,193413,78,13
SO0767,RIG116,WELL458,CUST034,Drilling,2023-05-22,2023-06-11,In Progress,491169,45,15
SO0768,RIG177,WELL403,CUST030,Cementing,2022-01-01,2022-01-16,Completed,132116,20,5
SO0769,RIG164,WELL127,CUST048,Drilling,2022-09-26,2022-10-04,Completed,401555,57,19
SO0770,RIG173,WELL263,CUST036,Pressure Pumping,2022-09-18,2022-09-26,Scheduled,255154,34,17
SO0771,RIG172,WELL196,CUST048,Directional Drilling,2022-09-01,2022-09-27,Completed,182829,89,6
SO0772,RIG036,WELL343,CUST025,Cementing,2022-09-08,2022-09-16,Scheduled,93781,87,19
SO0773,RIG090,WELL197,CUST028,Wireline,2023-09-29,2023-10-25,Scheduled,347219,39,13
SO0774,RIG079,WELL163,CUST005,Directional Drilling,2022-09-19,2022-10-03,In Progress,239585,69,9
SO0775,RIG023,WELL088,CUST001,Stimulation,2023-06-23,,Completed,230386,96,2
SO0776,RIG006,WELL292,CUST040,Drilling,2023-08-21,,In Progress,469678,83,5
SO0777,RIG188,WELL010,CUST046,Stimulation,2023-03-18,2023-04-04,Completed,365543,100,9
SO0778,RIG122,WELL135,CUST026,Coiled Tubing,2023-09-27,2023-10-21,Completed,481447,96,16
SO0779,RIG105,WELL190,CUST023,Wireline,2023-03-26,2023-04-17,In Progress,370446,26,15
SO0780,RIG037,WELL262,CUST027,Drilling,2022-09-13,2022-10-01,Scheduled,484410,95,5
SO0781,RIG031,WELL161,CUST041,Completion,2022-11-08,2022-12-02,Completed,143002,60,6
SO0782,RIG086,WELL365,CUST012,Stimulation,2022-05-06,2022-05-23,Completed,299240,19,9
SO0783,RIG108,WELL316,CUST004,Cementing,2023-06-20,2023-07-14,Completed,162649,73,17
SO0784,RIG035,WELL005,CUST042,Directional Drilling,2023-07-30,2023-08-10,In Progress,150811,100,11
SO0785,RIG043,WELL345,CUST012,Wireline,2023-03-21,2023-04-10,In Progress,446854,99,16
SO0786,RIG005,WELL298,CUST015,Completion,2022-09-06,,Scheduled,379860,71,13
SO0787,RIG110,WELL276,CUST008,Cementing,2022-12-10,2023-01-06,Completed,162102,49,4
SO0788,RIG146,WELL469,CUST018,Cementing,2022-04-06,2022-04-20,In Progress,74840,39,4
SO0789,RIG102,WELL400,CUST005,Directional Drilling,2023-12-10,2023-12-23,Scheduled,315403,44,17
SO0790,RIG115,WELL125,CUST019,Pressure Pumping,2022-04-27,2022-05-25,Completed,135418,68,3
SO0791,RIG123,WELL338,CUST007,Coiled Tubing,2022-04-30,,Completed,489519,84,14
SO0792,RIG041,WELL032,CUST050,Completion,2022-05-05,2022-05-10,Completed,384745,74,12
SO0793,RIG178,WELL021,CUST029,Completion,2023-06-10,,In Progress,438673,49,2
SO0794,RIG067,WELL170,CUST024,Wireline,2022-10-03,,Completed,175220,53,15
SO0795,RIG090,WELL298,CUST042,Drilling,2023-11-10,2023-11-15,Completed,481218,80,10
SO0796,RIG073,WELL225,CUST026,Wireline,2022-06-06,2022-06-08,Completed,224341,64,20
SO0797,RIG020,WELL464,CUST032,Drilling,2023-07-24,2023-08-05,Completed,473630,83,10
SO0798,RIG112,WELL074,CUST033,Cementing,2023-04-24,2023-05-13,Completed,118044,29,14
SO0799,RIG097,WELL298,CUST030,Stimulation,2023-11-04,2023-12-01,Scheduled,424630,28,18
SO0800,RIG140,WELL147,CUST001,Directional Drilling,2023-01-22,2023-02-08,Scheduled,443669,40,11
SO0801,RIG181,WELL174,CUST049,Drilling,2023-01-27,2023-02-06,Completed,250712,100,15
SO0802,RIG171,WELL216,CUST042,Cementing,2022-03-05,2022-03-11,In Progress,68761,92,4
SO0803,RIG190,WELL398,CUST046,Cementing,2022-04-12,2022-04-30,Completed,268553,28,18
SO0804,RIG091,WELL417,CUST025,Coiled Tubing,2023-08-01,2023-08-11,Scheduled,441252,84,5
SO0805,RIG041,WELL040,CUST001,Pressure Pumping,2023-10-06,,Completed,482820,84,19
SO0806,RIG020,WELL278,CUST023,Pressure Pumping,2023-05-15,2023-06-05,Completed,469346,13,9
SO0807,RIG175,WELL153,CUST009,Wireline,2022-10-12,2022-11-01,Completed,135603,17,12
SO0808,RIG023,WELL113,CUST025,Drilling,2022-12-12,2022-12-15,Completed,143459,84,18
SO0809,RIG082,WELL441,CUST009,Stimulation,2023-05-26,,Scheduled,272827,73,18
SO0810,RIG179,WELL321,CUST036,Cementing,2022-12-16,,Completed,149617,81,16
SO0811,RIG004,WELL399,CUST003,Coiled Tubing,2022-03-10,2022-03-31,Completed,208621,83,8
SO0812,RIG069,WELL145,CUST005,Pressure Pumping,2023-10-27,,Completed,451095,20,18
SO0813,RIG059,WELL490,CUST030,Cementing,2022-09-21,2022-09-29,Scheduled,477874,69,17
SO0814,RIG190,WELL088,CUST009,Pressure Pumping,2022-06-07,2022-06-16,Scheduled,421967,89,11
SO0815,RIG179,WELL034,CUST029,Drilling,2023-09-22,2023-10-21,Completed,391113,51,2
SO0816,RIG099,WELL057,CUST048,Wireline,2023-10-24,2023-10-25,Completed,155918,100,6
SO0817,RIG043,WELL291,CUST004,Cementing,2023-10-19,2023-10-23,Scheduled,106042,77,13
SO0818,RIG097,WELL134,CUST041,Drilling,2023-05-12,2023-05-14,Completed,136482,70,12
SO0819,RIG052,WELL267,CUST001,Wireline,2023-06-29,2023-07-18,Completed,179021,82,4
SO0820,RIG006,WELL224,CUST042,Drilling,2022-06-20,2022-06-25,Completed,295128,28,15
SO0821,RIG168,WELL381,CUST018,Directional Drilling,2023-08-25,2023-09-04,Completed,155917,53,20
SO0822,RIG025,WELL233,CUST021,Completion,2022-11-05,,Completed,253573,10,12
SO0823,RIG069,WELL213,CUST037,Drilling,2022-05-07,,Completed,482146,62,19
SO0824,RIG165,WELL276,CUST040,Drilling,2023-02-27,,Completed,222981,78,19
SO0825,RIG076,WELL481,CUST050,Directional Drilling,2023-10-07,,Completed,466035,31,20
SO0826,RIG092,WELL066,CUST032,Pressure Pumping,2022-01-22,,Completed,187748,84,17
SO0827,RIG088,WELL471,CUST045,Directional Drilling,2022-02-25,2022-03-25,In Progress,121713,80,13
SO0828,RIG192,WELL245,CUST007,Coiled Tubing,2023-02-18,2023-03-05,In Progress,231398,88,10
SO0829,RIG026,WELL041,CUST046,Pressure Pumping,2022-02-08,2022-02-21,In Progress,69855,47,11
SO0830,RIG068,WELL237,CUST025,Stimulation,2022-05-19,2022-06-10,Completed,491427,34,19
SO0831,RIG184,WELL149,CUST017,Stimulation,2023-06-14,2023-06-20,Completed,282511,92,8
SO0832,RIG067,WELL080,CUST027,Coiled Tubing,2022-10-07,2022-11-01,Completed,183192,94,9
SO0833,RIG132,WELL312,CUST019,Completion,2022-09-16,2022-10-13,In Progress,385783,65,6
SO0834,RIG149,WELL288,CUST032,Cementing,2022-06-19,,Scheduled,87804,46,17
SO0835,RIG056,WELL179,CUST038,Directional Drilling,2022-02-11,2022-02-15,In Progress,186509,14,10
SO0836,RIG179,WELL129,CUST049,Drilling,2023-08-16,,Scheduled,73573,71,6
SO0837,RIG169,WELL081,CUST019,Directional Drilling,2023-09-21,2023-10-09,Completed,337352,18,7
SO0838,RIG180,WELL039,CUST045,Pressure Pumping,2022-04-27,,Completed,457693,21,12
SO0839,RIG085,WELL287,CUST029,Directional Drilling,2023-01-21,2023-02-07,Completed,128282,67,5
SO0840,RIG056,WELL278,CUST035,Drilling,2023-01-12,2023-01-22,Completed,276841,84,7
SO0841,RIG169,WELL056,CUST031,Wireline,2023-11-16,2023-12-05,Completed,197898,69,4
SO0842,RIG066,WELL402,CUST002,Wireline,2023-05-14,2023-06-07,Completed,285197,50,16
SO0843,RIG119,WELL242,CUST048,Directional Drilling,2022-12-08,,In Progress,66314,93,5
SO0844,RIG199,WELL451,CUST041,Drilling,2022-05-08,2022-06-02,Completed,403633,100,12
SO0845,RIG054,WELL259,CUST048,Pressure Pumping,2023-10-20,2023-11-07,Completed,92510,26,19
SO0846,RIG179,WELL475,CUST027,Stimulation,2022-02-18,,Scheduled,72863,54,12
SO0847,RIG153,WELL003,CUST022,Stimulation,2022-10-13,2022-11-01,In Progress,119018,25,3
SO0848,RIG073,WELL126,CUST023,Cementing,2023-05-12,,Completed,493398,51,6
SO0849,RIG192,WELL092,CUST031,Wireline,2023-01-06,2023-01-19,Completed,237669,82,8
SO0850,RIG101,WELL466,CUST006,Pressure Pumping,2022-03-21,2022-03-29,Completed,400902,52,13
SO0851,RIG171,WELL034,CUST039,Completion,2022-05-15,2022-06-01,Completed,62707,90,12
SO0852,RIG057,WELL080,CUST050,Coiled Tubing,2023-12-04,2023-12-28,Scheduled,417313,11,15
SO0853,RIG020,WELL144,CUST016,Stimulation,2023-11-06,,Scheduled,476128,45,12
SO0854,RIG048,WELL180,CUST009,Completion,2023-07-01,,Completed,338310,67,14
SO0855,RIG106,WELL208,CUST027,Drilling,2023-08-11,2023-09-03,Completed,495613,48,16
SO0856,RIG200,WELL326,CUST007,Drilling,2023-11-14,2023-12-06,Completed,423571,14,20
SO0857,RIG199,WELL145,CUST050,Coiled Tubing,2022-02-22,,Completed,96341,17,5
SO0858,RIG179,WELL007,CUST030,Completion,2022-01-31,2022-02-22,Completed,199439,79,6
SO0859,RIG129,WELL413,CUST020,Stimulation,2023-10-30,2023-11-20,Completed,61653,20,13
SO0860,RIG042,WELL493,CUST011,Wireline,2022-12-29,2023-01-09,Completed,227168,43,11
SO0861,RIG167,WELL197,CUST023,Directional Drilling,2022-09-26,2022-09-28,Completed,341601,43,19
SO0862,RIG147,WELL292,CUST050,Stimulation,2022-10-06,2022-10-21,Scheduled,357776,93,5
SO0863,RIG010,WELL051,CUST011,Directional Drilling,2022-05-20,,Completed,413957,82,6
SO0864,RIG017,WELL446,CUST003,Cementing,2022-05-29,2022-06-27,Completed,455109,100,16
SO0865,RIG155,WELL381,CUST003,Directional Drilling,2023-11-16,2023-12-04,Completed,453460,50,4
SO0866,RIG013,WELL178,CUST018,Pressure Pumping,2022-04-10,2022-05-02,Completed,292802,79,12
SO0867,RIG070,WELL318,CUST010,Directional Drilling,2023-09-12,2023-09-29,Scheduled,76223,75,8
SO0868,RIG168,WELL437,CUST027,Wireline,2023-08-05,2023-08-07,Completed,283156,94,10
SO0869,RIG130,WELL270,CUST002,Directional Drilling,2022-01-23,2022-01-26,Completed,438503,32,10
SO0870,RIG089,WELL297,CUST008,Drilling,2022-05-01,,Scheduled,114452,99,8
SO0871,RIG007,WELL138,CUST044,Completion,2022-02-21,2022-03-02,Completed,199750,65,11
SO0872,RIG094,WELL362,CUST022,Cementing,2022-08-15,,Scheduled,376930,44,10
SO0873,RIG083,WELL406,CUST009,Pressure Pumping,2023-05-18,,Completed,94504,25,12
SO0874,RIG083,WELL072,CUST014,Directional Drilling,2023-06-16,2023-07-14,Completed,116104,12,18
SO0875,RIG096,WELL228,CUST034,Wireline,2022-11-03,2022-11-04,Completed,448756,55,13
SO0876,RIG094,WELL355,CUST002,Cementing,2022-10-26,2022-10-31,Scheduled,316315,16,9
SO0877,RIG006,WELL479,CUST019,Coiled Tubing,2023-05-26,2023-06-04,Scheduled,261684,55,7
SO0878,RIG118,WELL432,CUST025,Coiled Tubing,2023-10-21,,Scheduled,255293,50,20
SO0879,RIG182,WELL264,CUST047,Pressure Pumping,2022-04-11,2022-05-09,Completed,126664,95,4
SO0880,RIG076,WELL327,CUST017,Drilling,2022-07-15,2022-08-04,Completed,156882,34,17
SO0881,RIG097,WELL071,CUST016,Coiled Tubing,2023-11-25,,In Progress,186225,48,8
SO0882,RIG047,WELL400,CUST050,Drilling,2022-09-27,2022-10-18,Completed,107985,44,7
SO0883,RIG189,WELL345,CUST019,Pressure Pumping,2022-06-23,2022-07-14,Completed,239875,37,7
SO0884,RIG041,WELL315,CUST008,Cementing,2023-12-21,2024-01-17,Completed,388705,60,8
SO0885,RIG048,WELL195,CUST010,Stimulation,2022-01-10,2022-01-24,Completed,499796,51,19
SO0886,RIG126,WELL365,CUST004,Cementing,2023-09-08,2023-09-14,Scheduled,477378,25,19
SO0887,RIG023,WELL446,CUST029,Coiled Tubing,2022-08-28,,In Progress,457932,74,17
SO0888,RIG187,WELL031,CUST008,Cementing,2022-08-10,,Scheduled,65956,43,8
SO0889,RIG045,WELL316,CUST049,Directional Drilling,2022-09-28,2022-10-05,Completed,449430,94,6
SO0890,RIG028,WELL393,CUST024,Wireline,2022-02-03,2022-03-01,Completed,151528,46,18
SO0891,RIG001,WELL351,CUST020,Completion,2023-08-12,2023-09-06,Scheduled,309875,51,18
SO0892,RIG170,WELL485,CUST002,Pressure Pumping,2022-09-06,2022-09-10,Scheduled,301135,32,6
SO0893,RIG091,WELL288,CUST044,Directional Drilling,2022-06-11,2022-07-03,Completed,399629,34,8
SO0894,RIG029,WELL460,CUST038,Cementing,2023-07-05,2023-07-10,In Progress,487618,92,20
SO0895,RIG122,WELL288,CUST050,Completion,2022-12-30,2023-01-28,In Progress,169224,49,15
SO0896,RIG177,WELL334,CUST013,Stimulation,2022-07-20,2022-08-17,Completed,96603,53,19
SO0897,RIG111,WELL398,CUST037,Stimulation,2022-05-04,,Completed,257033,56,18
SO0898,RIG151,WELL202,CUST019,Cementing,2022-11-06,2022-11-17,Completed,338111,71,5
SO0899,RIG081,WELL443,CUST045,Coiled Tubing,2022-05-26,,Completed,170017,21,19
SO0900,RIG123,WELL144,CUST021,Wireline,2023-01-17,2023-01-22,Completed,59683,70,4
SO0901,RIG148,WELL332,CUST034,Coiled Tubing,2022-06-16,2022-06-29,In Progress,243335,43,7
SO0902,RIG126,WELL187,CUST050,Wireline,2023-03-11,,Completed,248091,81,11
SO0903,RIG077,WELL170,CUST040,Pressure Pumping,2022-02-28,2022-03-02,Completed,459978,53,9
SO0904,RIG047,WELL053,CUST023,Pressure Pumping,2022-04-18,,Completed,300735,83,15
SO0905,RIG141,WELL165,CUST014,Completion,2023-08-26,2023-09-18,Completed,435406,87,7
SO0906,RIG061,WELL137,CUST036,Cementing,2023-05-01,,Completed,299614,60,17
SO0907,RIG194,WELL137,CUST048,Pressure Pumping,2022-01-31,2022-02-12,Completed,344115,76,14
SO0908,RIG064,WELL221,CUST015,Drilling,2022-02-07,2022-02-24,Completed,263955,76,2
SO0909,RIG073,WELL228,CUST015,Stimulation,2023-08-31,2023-09-27,Scheduled,337410,39,10
SO0910,RIG172,WELL352,CUST032,Directional Drilling,2023-07-02,2023-07-20,Scheduled,384054,84,16
SO0911,RIG051,WELL016,CUST013,Pressure Pumping,2023-06-17,2023-06-28,Completed,89917,78,11
SO0912,RIG194,WELL251,CUST006,Stimulation,2022-11-27,,Scheduled,218959,67,16
SO0913,RIG156,WELL195,CUST009,Stimulation,2023-11-06,2023-11-25,Completed,378689,66,11
SO0914,RIG056,WELL314,CUST045,Stimulation,2023-07-28,2023-08-03,Completed,172375,12,19
SO0915,RIG121,WELL305,CUST033,Directional Drilling,2023-12-28,2024-01-09,In Progress,234026,39,20
SO0916,RIG153,WELL042,CUST014,Coiled Tubing,2023-10-09,2023-10-24,In Progress,308043,76,18
SO0917,RIG136,WELL221,CUST019,Drilling,2022-03-30,2022-04-01,Completed,230084,78,8
SO0918,RIG050,WELL052,CUST030,Completion,2023-04-28,2023-05-20,Completed,126852,57,15
SO0919,RIG064,WELL324,CUST006,Cementing,2023-09-08,,In Progress,67691,55,4
SO0920,RIG193,WELL447,CUST003,Drilling,2022-10-11,2022-10-25,Completed,309003,29,3
SO0921,RIG090,WELL464,CUST036,Wireline,2022-07-01,2022-07-12,In Progress,249581,17,4
SO0922,RIG159,WELL482,CUST031,Cementing,2023-03-08,2023-03-09,Completed,264539,79,9
SO0923,RIG032,WELL403,CUST005,Completion,2023-11-16,2023-12-05,In Progress,226253,14,9
SO0924,RIG191,WELL127,CUST033,Drilling,2023-11-24,,Completed,419167,36,8
SO0925,RIG069,WELL089,CUST011,Completion,2023-01-02,2023-01-08,Scheduled,471402,70,16
SO0926,RIG155,WELL013,CUST010,Completion,2022-03-07,2022-04-06,Completed,284747,90,9
SO0927,RIG086,WELL263,CUST050,Coiled Tubing,2022-04-07,,Completed,125118,56,11
SO0928,RIG029,WELL307,CUST043,Completion,2023-03-29,2023-04-07,Completed,201768,73,20
SO0929,RIG039,WELL402,CUST015,Completion,2022-11-29,2022-12-02,Completed,274832,24,13
SO0930,RIG092,WELL341,CUST047,Coiled Tubing,2022-08-25,2022-09-17,Completed,452039,51,8
SO0931,RIG031,WELL394,CUST025,Cementing,2023-09-12,2023-10-02,Completed,379289,86,19
SO0932,RIG047,WELL273,CUST011,Wireline,2022-08-03,2022-08-04,In Progress,167236,62,8
SO0933,RIG185,WELL102,CUST037,Directional Drilling,2023-03-30,2023-04-20,Completed,193406,61,6
SO0934,RIG196,WELL450,CUST004,Directional Drilling,2022-09-12,2022-10-09,Completed,201111,91,10
SO0935,RIG040,WELL032,CUST025,Coiled Tubing,2022-12-16,2023-01-10,Completed,80260,81,12
SO0936,RIG200,WELL039,CUST039,Pressure Pumping,2022-07-29,2022-08-14,Completed,108590,38,8
SO0937,RIG079,WELL033,CUST034,Wireline,2023-06-22,2023-07-22,Completed,62193,60,5
SO0938,RIG024,WELL331,CUST039,Stimulation,2022-11-06,,Completed,273661,12,13
SO0939,RIG078,WELL038,CUST044,Coiled Tubing,2022-04-03,2022-04-07,Completed,459831,72,16
SO0940,RIG093,WELL421,CUST028,Completion,2022-01-28,2022-02-23,Completed,349739,100,14
SO0941,RIG120,WELL087,CUST001,Wireline,2022-02-11,,In Progress,272028,43,11
SO0942,RIG011,WELL011,CUST024,Coiled Tubing,2022-05-05,,Completed,239591,38,10
SO0943,RIG177,WELL415,CUST032,Drilling,2023-09-27,2023-10-02,In Progress,349114,35,6
SO0944,RIG064,WELL243,CUST042,Stimulation,2022-03-03,2022-03-24,Completed,483231,38,3
SO0945,RIG001,WELL384,CUST046,Wireline,2022-03-26,2022-04-10,Completed,203118,42,6
SO0946,RIG158,WELL167,CUST002,Wireline,2023-02-17,,Completed,464388,55,15
SO0947,RIG029,WELL386,CUST002,Coiled Tubing,2023-05-13,,In Progress,396766,13,7
SO0948,RIG101,WELL194,CUST020,Stimulation,2023-10-29,,Completed,121441,87,10
SO0949,RIG051,WELL295,CUST027,Wireline,2022-08-24,2022-08-25,In Progress,232773,53,17
SO0950,RIG132,WELL133,CUST017,Completion,2022-04-04,2022-04-05,Completed,130952,42,18
SO0951,RIG147,WELL044,CUST028,Drilling,2022-12-19,,Scheduled,132958,78,15
SO0952,RIG079,WELL330,CUST034,Drilling,2023-03-09,,Completed,164287,61,16
SO0953,RIG069,WELL470,CUST007,Directional Drilling,2022-11-10,,Completed,111135,81,9
SO0954,RIG182,WELL465,CUST017,Pressure Pumping,2023-05-16,,Scheduled,416698,45,5
SO0955,RIG118,WELL497,CUST045,Coiled Tubing,2022-11-14,2022-12-04,Scheduled,54778,35,9
SO0956,RIG108,WELL223,CUST041,Directional Drilling,2023-12-17,,In Progress,418098,88,5
SO0957,RIG157,WELL151,CUST023,Wireline,2023-01-13,2023-01-19,Completed,151537,18,19
SO0958,RIG069,WELL060,CUST022,Pressure Pumping,2022-09-06,2022-09-12,Completed,333035,73,16
SO0959,RIG086,WELL121,CUST038,Coiled Tubing,2022-01-19,,Scheduled,141451,38,11
SO0960,RIG122,WELL135,CUST017,Pressure Pumping,2022-08-07,2022-08-16,Completed,181922,34,7
SO0961,RIG097,WELL125,CUST013,Completion,2023-07-13,,In Progress,102301,83,6
SO0962,RIG062,WELL241,CUST035,Cementing,2022-08-31,2022-09-07,Completed,461453,85,2
SO0963,RIG120,WELL468,CUST039,Drilling,2022-05-17,2022-05-28,Completed,375548,44,6
SO0964,RIG011,WELL462,CUST041,Directional Drilling,2022-10-20,2022-11-08,Completed,183128,39,10
SO0965,RIG121,WELL449,CUST039,Directional Drilling,2023-05-23,2023-05-29,In Progress,186982,29,20
SO0966,RIG109,WELL017,CUST005,Stimulation,2022-02-06,2022-02-25,Completed,409022,80,10
SO0967,RIG156,WELL309,CUST017,Wireline,2022-01-14,2022-02-06,Completed,284619,83,12
SO0968,RIG180,WELL121,CUST001,Drilling,2022-03-02,,Completed,367004,22,15
SO0969,RIG127,WELL157,CUST040,Wireline,2022-08-02,2022-08-25,Scheduled,368533,19,20
SO0970,RIG118,WELL157,CUST032,Coiled Tubing,2022-02-27,2022-02-28,Completed,90484,88,12
SO0971,RIG105,WELL464,CUST047,Wireline,2023-06-18,2023-06-30,Completed,207731,99,12
SO0972,RIG083,WELL184,CUST013,Drilling,2023-12-10,2024-01-01,Completed,431380,21,2
SO0973,RIG165,WELL484,CUST015,Wireline,2023-01-14,,Completed,207659,22,12
SO0974,RIG039,WELL061,CUST040,Coiled Tubing,2023-10-05,2023-10-17,In Progress,57664,63,7
SO0975,RIG198,WELL416,CUST047,Drilling,2023-09-02,,In Progress,278943,67,11
SO0976,RIG127,WELL430,CUST050,Directional Drilling,2023-07-25,2023-08-06,Scheduled,63118,37,17
SO0977,RIG020,WELL170,CUST010,Completion,2022-08-16,2022-09-08,Completed,318678,31,20
SO0978,RIG125,WELL495,CUST008,Coiled Tubing,2022-06-09,2022-06-16,Completed,100402,98,19
SO0979,RIG125,WELL023,CUST049,Stimulation,2022-12-31,2023-01-30,In Progress,123020,40,12
SO0980,RIG066,WELL096,CUST030,Directional Drilling,2022-08-29,,Completed,383331,53,12
SO0981,RIG081,WELL478,CUST037,Drilling,2022-03-25,2022-04-06,Completed,91214,61,19
SO0982,RIG187,WELL393,CUST008,Coiled Tubing,2023-02-25,,Scheduled,440019,48,12
SO0983,RIG010,WELL472,CUST011,Completion,2023-06-13,,Scheduled,391343,14,6
SO0984,RIG013,WELL228,CUST010,Coiled Tubing,2023-04-09,2023-05-06,Completed,300867,98,12
SO0985,RIG107,WELL354,CUST040,Coiled Tubing,2022-11-25,2022-12-13,In Progress,497899,25,9
SO0986,RIG024,WELL310,CUST001,Wireline,2022-09-26,2022-10-21,Completed,187124,11,13
SO0987,RIG101,WELL124,CUST034,Directional Drilling,2023-04-02,,In Progress,367938,54,7
SO0988,RIG037,WELL023,CUST048,Stimulation,2022-08-18,2022-09-14,Completed,426089,24,18
SO0989,RIG083,WELL434,CUST042,Wireline,2023-04-17,2023-05-10,Completed,261841,72,9
SO0990,RIG127,WELL071,CUST026,Wireline,2023-09-08,2023-09-26,Completed,160846,39,8
SO0991,RIG083,WELL301,CUST039,Drilling,2023-08-29,2023-09-26,Scheduled,244349,98,12
SO0992,RIG081,WELL250,CUST042,Cementing,2023-01-08,2023-01-24,In Progress,62390,25,14
SO0993,RIG178,WELL180,CUST014,Completion,2023-07-05,2023-07-29,Completed,268363,16,16
SO0994,RIG135,WELL404,CUST003,Coiled Tubing,2022-07-05,2022-07-16,Scheduled,498226,48,16
SO0995,RIG195,WELL122,CUST025,Completion,2023-08-05,2023-09-04,Completed,441378,23,17
SO0996,RIG172,WELL021,CUST047,Stimulation,2023-12-29,2024-01-26,In Progress,195123,96,16
SO0997,RIG050,WELL496,CUST018,Pressure Pumping,2022-10-29,2022-11-24,Scheduled,478904,45,13
SO0998,RIG016,WELL016,CUST025,Coiled Tubing,2023-06-28,2023-07-24,Completed,270156,30,19
SO0999,RIG120,WELL398,CUST050,Stimulation,2022-01-30,2022-02-23,Completed,232894,19,16
SO1000,RIG091,WELL007,CUST023,Drilling,2023-09-03,2023-09-07,Completed,298024,22,6
