well_id,well_name,basin_id,customer_id,well_type,spud_date,completion_date,status,total_depth_ft,lateral_length_ft,daily_production_boe,estimated_reserves_boe,operator_name
WELL001,Well-Alpha-001H,BASIN001,CUST031,Horizontal,2024-03-24,2024-06-12,Producing,11137,7673,761,3385205,Operator-7
WELL002,Well-Charlie-002H,BASIN004,CUST036,Vertical,2023-07-16,2023-09-06,Drilling,14206,9107,590,3248615,Operator-3
WELL003,Well-Alpha-003H,BASIN011,CUST012,Horizontal,2025-07-15,2025-09-09,Drilling,11095,6567,1199,3161513,Operator-6
WELL004,Well-Charlie-004H,BASIN002,CUST047,Horizontal,2025-01-15,2025-03-16,Producing,11416,9943,779,1635212,Operator-17
WELL005,Well-Bravo-005H,BASIN001,CUST036,Horizontal,2023-12-09,2024-02-12,Producing,12818,9619,551,3297641,Operator-9
WELL006,Well-Charlie-006H,BASIN002,CUST003,Horizontal,2022-07-10,2022-09-23,Shut-in,16703,7552,554,2670058,Operator-17
WELL007,Well-Alpha-007H,BASIN010,CUST003,Horizontal,2025-01-04,2025-03-05,Shut-in,17095,6803,543,2688579,Operator-15
WELL008,Well-Echo-008H,BASIN007,CUST001,Horizontal,2025-06-19,2025-08-17,Producing,12418,6565,883,2514122,Operator-6
WELL009,Well-Charlie-009H,BASIN006,CUST033,Horizontal,2024-05-21,2024-07-26,Producing,14199,7484,756,3256101,Operator-18
WELL010,Well-Echo-010H,BASIN007,CUST032,Horizontal,2022-06-04,2022-08-03,Drilling,10646,7393,564,2270619,Operator-11
WELL011,Well-Echo-011H,BASIN002,CUST030,Horizontal,2025-05-28,2025-08-02,Producing,15378,6981,569,2279732,Operator-8
WELL012,Well-Bravo-012H,BASIN007,CUST049,Horizontal,2025-08-26,2025-11-13,Producing,14614,9486,446,1624380,Operator-9
WELL013,Well-Echo-013H,BASIN012,CUST032,Horizontal,2022-12-03,2023-01-31,Drilling,10686,6906,886,2882098,Operator-12
WELL014,Well-Delta-014H,BASIN011,CUST007,Horizontal,2024-11-19,2025-01-20,Shut-in,10839,8631,1046,2399923,Operator-19
WELL015,Well-Delta-015H,BASIN004,CUST021,Vertical,2025-07-22,2025-09-06,Drilling,17014,8742,1059,1758772,Operator-10
WELL016,Well-Bravo-016H,BASIN011,CUST016,Vertical,2025-02-15,2025-04-04,Producing,12644,7761,449,1811006,Operator-3
WELL017,Well-Delta-017H,BASIN007,CUST021,Horizontal,2025-11-04,2025-12-24,Producing,14135,7168,777,2719945,Operator-15
WELL018,Well-Echo-018H,BASIN004,CUST012,Horizontal,2025-04-06,2025-07-01,Producing,17163,9477,453,1933007,Operator-17
WELL019,Well-Alpha-019H,BASIN007,CUST029,Horizontal,2024-02-11,2024-05-04,Drilling,11699,7388,791,3370197,Operator-3
WELL020,Well-Bravo-020H,BASIN008,CUST038,Horizontal,2024-08-12,2024-10-02,Producing,15707,9625,1098,2737809,Operator-9
WELL021,Well-Alpha-021H,BASIN006,CUST002,Horizontal,2025-02-27,2025-05-23,Drilling,17113,6746,742,3319708,Operator-20
WELL022,Well-Bravo-022H,BASIN009,CUST005,Horizontal,2025-10-06,2025-12-21,Producing,15588,7391,806,3161272,Operator-11
WELL023,Well-Echo-023H,BASIN007,CUST037,Vertical,2024-06-08,2024-08-11,Producing,10207,7515,653,3230662,Operator-16
WELL024,Well-Charlie-024H,BASIN011,CUST048,Horizontal,2024-09-19,2024-11-07,Shut-in,17413,7663,901,1981404,Operator-15
WELL025,Well-Bravo-025H,BASIN004,CUST029,Horizontal,2025-02-01,2025-04-24,Producing,10138,8929,801,2644996,Operator-15
WELL026,Well-Alpha-026H,BASIN007,CUST029,Horizontal,2025-09-19,2025-12-18,Drilling,12156,7793,817,2774108,Operator-6
WELL027,Well-Charlie-027H,BASIN001,CUST017,Vertical,2025-03-18,2025-05-04,Shut-in,10598,7110,946,3185540,Operator-3
WELL028,Well-Delta-028H,BASIN002,CUST022,Horizontal,2022-07-15,2022-10-11,Shut-in,10049,8335,1009,2547143,Operator-13
WELL029,Well-Echo-029H,BASIN006,CUST030,Vertical,2023-05-25,2023-07-15,Producing,16373,9487,956,3213504,Operator-5
WELL030,Well-Charlie-030H,BASIN004,CUST007,Horizontal,2025-06-29,2025-08-16,Producing,10249,7437,798,2575465,Operator-10
WELL031,Well-Echo-031H,BASIN012,CUST040,Horizontal,2025-10-11,2025-12-15,Producing,10125,6279,820,1612102,Operator-8
WELL032,Well-Echo-032H,BASIN003,CUST041,Horizontal,2022-08-06,2022-09-23,Producing,15212,9223,833,2186348,Operator-4
WELL033,Well-Alpha-033H,BASIN007,CUST029,Horizontal,2024-01-25,2024-04-14,Drilling,16315,8249,966,1527981,Operator-17
WELL034,Well-Delta-034H,BASIN012,CUST043,Horizontal,2025-09-28,2025-12-12,Producing,16473,6559,529,2243491,Operator-18
WELL035,Well-Delta-035H,BASIN010,CUST032,Horizontal,2024-01-28,2024-04-25,Shut-in,11957,6382,933,2327179,Operator-17
WELL036,Well-Delta-036H,BASIN001,CUST037,Vertical,2024-05-01,2024-07-27,Shut-in,12380,6954,823,1905441,Operator-3
WELL037,Well-Bravo-037H,BASIN004,CUST026,Horizontal,2023-11-21,2024-02-02,Producing,15595,9073,1059,1802927,Operator-12
WELL038,Well-Echo-038H,BASIN001,CUST034,Horizontal,2023-02-13,2023-04-01,Producing,15889,6928,896,1988665,Operator-18
WELL039,Well-Charlie-039H,BASIN004,CUST015,Vertical,2025-08-10,2025-11-03,Producing,15966,7309,544,1837832,Operator-19
WELL040,Well-Echo-040H,BASIN012,CUST019,Horizontal,2025-04-17,2025-06-26,Producing,15984,8166,615,2421055,Operator-2
WELL041,Well-Echo-041H,BASIN009,CUST029,Vertical,2025-08-26,2025-10-23,Drilling,10503,6860,912,1554170,Operator-13
WELL042,Well-Alpha-042H,BASIN003,CUST022,Horizontal,2025-02-22,2025-04-21,Producing,10642,9479,457,2155581,Operator-3
WELL043,Well-Echo-043H,BASIN005,CUST042,Horizontal,2023-04-28,2023-06-21,Producing,10735,8569,759,2124010,Operator-1
WELL044,Well-Alpha-044H,BASIN008,CUST048,Horizontal,2023-08-05,2023-09-19,Drilling,10380,9545,769,1981070,Operator-6
WELL045,Well-Delta-045H,BASIN010,CUST019,Horizontal,2025-02-27,2025-05-10,Producing,16682,7936,899,3191372,Operator-15
WELL046,Well-Echo-046H,BASIN005,CUST020,Vertical,2025-09-16,2025-11-24,Shut-in,16284,9354,772,1674342,Operator-9
WELL047,Well-Bravo-047H,BASIN002,CUST016,Vertical,2025-11-05,2026-02-03,Producing,11728,6328,431,2581495,Operator-1
WELL048,Well-Charlie-048H,BASIN007,CUST041,Horizontal,2025-09-23,2025-12-12,Shut-in,16902,8368,836,2308795,Operator-17
WELL049,Well-Bravo-049H,BASIN011,CUST026,Vertical,2025-06-16,2025-08-02,Drilling,10577,7320,665,2393118,Operator-13
WELL050,Well-Echo-050H,BASIN006,CUST046,Vertical,2025-08-22,2025-11-07,Producing,12106,7601,814,2226588,Operator-14
WELL051,Well-Charlie-051H,BASIN007,CUST045,Horizontal,2022-03-17,2022-05-03,Shut-in,16417,8432,731,3473915,Operator-13
WELL052,Well-Delta-052H,BASIN005,CUST015,Vertical,2024-11-15,2025-01-13,Drilling,12278,7206,916,2211836,Operator-19
WELL053,Well-Bravo-053H,BASIN011,CUST024,Horizontal,2023-08-09,2023-10-28,Producing,17751,9310,591,2086867,Operator-8
WELL054,Well-Echo-054H,BASIN012,CUST038,Horizontal,2025-03-18,2025-06-03,Shut-in,14274,9288,1033,2122738,Operator-13
WELL055,Well-Charlie-055H,BASIN005,CUST015,Horizontal,2023-03-17,2023-05-30,Drilling,13423,8412,471,2586945,Operator-19
WELL056,Well-Alpha-056H,BASIN009,CUST027,Horizontal,2025-05-19,2025-07-12,Producing,10539,7963,726,2649047,Operator-5
WELL057,Well-Bravo-057H,BASIN002,CUST003,Vertical,2025-04-04,2025-05-24,Producing,10926,8183,1014,2812640,Operator-5
WELL058,Well-Delta-058H,BASIN002,CUST050,Horizontal,2022-05-29,2022-07-24,Producing,12533,6900,455,1759654,Operator-20
WELL059,Well-Charlie-059H,BASIN007,CUST050,Vertical,2023-09-11,2023-11-06,Drilling,10605,9742,1073,2219490,Operator-18
WELL060,Well-Alpha-060H,BASIN012,CUST033,Horizontal,2022-05-19,2022-08-06,Drilling,12727,8410,1115,2142503,Operator-4
WELL061,Well-Delta-061H,BASIN008,CUST045,Horizontal,2022-12-19,2023-02-19,Drilling,11788,9971,952,2297938,Operator-5
WELL062,Well-Alpha-062H,BASIN005,CUST049,Vertical,2025-05-11,2025-07-19,Producing,14182,6739,1115,1799651,Operator-4
WELL063,Well-Echo-063H,BASIN008,CUST016,Horizontal,2025-01-14,2025-04-12,Producing,17993,8111,1166,2845702,Operator-3
WELL064,Well-Charlie-064H,BASIN007,CUST009,Horizontal,2025-05-30,2025-08-18,Drilling,15570,7077,518,2860437,Operator-6
WELL065,Well-Charlie-065H,BASIN009,CUST040,Vertical,2024-07-15,2024-09-25,Shut-in,14145,7304,865,2073978,Operator-11
WELL066,Well-Alpha-066H,BASIN006,CUST025,Horizontal,2025-07-30,2025-09-29,Shut-in,11943,8798,1096,2572870,Operator-7
WELL067,Well-Alpha-067H,BASIN012,CUST004,Horizontal,2025-01-10,2025-03-12,Drilling,16790,8619,557,3315889,Operator-2
WELL068,Well-Alpha-068H,BASIN009,CUST047,Horizontal,2024-06-21,2024-08-09,Producing,16453,9358,578,1645422,Operator-18
WELL069,Well-Echo-069H,BASIN002,CUST042,Horizontal,2025-04-04,2025-06-10,Drilling,12116,7573,1083,3097490,Operator-17
WELL070,Well-Bravo-070H,BASIN006,CUST022,Horizontal,2023-08-05,2023-09-22,Producing,17351,8794,1018,2351085,Operator-8
WELL071,Well-Alpha-071H,BASIN007,CUST032,Horizontal,2022-03-29,2022-06-26,Producing,14663,6583,630,2417445,Operator-18
WELL072,Well-Delta-072H,BASIN008,CUST008,Horizontal,2023-06-11,2023-09-01,Producing,12741,9098,538,2288532,Operator-2
WELL073,Well-Charlie-073H,BASIN005,CUST039,Horizontal,2022-11-27,2023-01-13,Producing,11798,9153,834,2095058,Operator-4
WELL074,Well-Delta-074H,BASIN012,CUST009,Horizontal,2025-10-02,2025-12-28,Producing,16144,6787,425,3182398,Operator-5
WELL075,Well-Charlie-075H,BASIN006,CUST049,Horizontal,2022-02-22,2022-05-14,Drilling,12175,6671,771,3364372,Operator-15
WELL076,Well-Alpha-076H,BASIN010,CUST013,Horizontal,2022-03-24,2022-05-24,Drilling,15040,9908,947,2819348,Operator-14
WELL077,Well-Bravo-077H,BASIN002,CUST037,Vertical,2024-06-15,2024-08-11,Producing,15785,8918,506,3297058,Operator-9
WELL078,Well-Echo-078H,BASIN008,CUST037,Horizontal,2025-05-31,2025-08-22,Producing,14628,9026,1049,2143150,Operator-11
WELL079,Well-Charlie-079H,BASIN006,CUST024,Horizontal,2025-01-03,2025-03-21,Shut-in,13904,8287,927,3358468,Operator-4
WELL080,Well-Charlie-080H,BASIN011,CUST024,Horizontal,2023-04-16,2023-06-07,Producing,17431,6964,889,2606903,Operator-8
WELL081,Well-Echo-081H,BASIN011,CUST036,Horizontal,2023-01-31,2023-04-05,Producing,11909,8106,1071,3251898,Operator-12
WELL082,Well-Charlie-082H,BASIN002,CUST043,Horizontal,2025-01-25,2025-04-01,Shut-in,11697,6667,573,3413441,Operator-16
WELL083,Well-Alpha-083H,BASIN002,CUST045,Horizontal,2024-12-04,2025-01-25,Producing,17198,8926,547,3106107,Operator-5
WELL084,Well-Bravo-084H,BASIN006,CUST044,Horizontal,2022-01-09,2022-04-08,Shut-in,14575,6060,570,3118471,Operator-15
WELL085,Well-Echo-085H,BASIN012,CUST026,Horizontal,2023-03-15,2023-06-10,Shut-in,11808,7325,731,3278494,Operator-18
WELL086,Well-Charlie-086H,BASIN005,CUST049,Horizontal,2024-07-17,2024-10-11,Drilling,10123,8242,929,2607897,Operator-17
WELL087,Well-Alpha-087H,BASIN003,CUST010,Horizontal,2025-09-19,2025-11-05,Shut-in,12200,6325,937,1786092,Operator-16
WELL088,Well-Alpha-088H,BASIN004,CUST036,Vertical,2025-10-01,2025-11-30,Shut-in,15526,8614,1129,2834758,Operator-14
WELL089,Well-Echo-089H,BASIN003,CUST014,Horizontal,2025-07-04,2025-08-27,Producing,10916,9375,627,1556505,Operator-12
WELL090,Well-Bravo-090H,BASIN004,CUST030,Vertical,2025-03-28,2025-05-20,Producing,10132,8943,954,2231651,Operator-2
WELL091,Well-Alpha-091H,BASIN006,CUST050,Horizontal,2023-09-10,2023-11-28,Shut-in,12828,9861,790,2539959,Operator-19
WELL092,Well-Delta-092H,BASIN011,CUST043,Horizontal,2022-04-08,2022-06-24,Producing,15988,8495,1035,3349074,Operator-7
WELL093,Well-Alpha-093H,BASIN012,CUST030,Horizontal,2025-02-28,2025-05-16,Producing,15972,8204,982,2559342,Operator-8
WELL094,Well-Charlie-094H,BASIN008,CUST019,Horizontal,2024-07-05,2024-09-13,Producing,15402,7558,932,3495953,Operator-16
WELL095,Well-Alpha-095H,BASIN002,CUST017,Horizontal,2022-10-19,2022-12-23,Shut-in,10921,7058,890,2136308,Operator-4
WELL096,Well-Bravo-096H,BASIN010,CUST021,Horizontal,2022-01-20,2022-04-11,Producing,11343,9366,741,3167869,Operator-9
WELL097,Well-Bravo-097H,BASIN001,CUST034,Horizontal,2025-04-02,2025-06-22,Producing,15586,9496,597,3256319,Operator-11
WELL098,Well-Delta-098H,BASIN012,CUST005,Vertical,2025-02-03,2025-04-14,Shut-in,14324,8942,1012,3206731,Operator-2
WELL099,Well-Charlie-099H,BASIN007,CUST038,Vertical,2023-02-22,2023-05-14,Producing,17430,7057,707,2821066,Operator-6
WELL100,Well-Alpha-100H,BASIN001,CUST033,Horizontal,2022-02-02,2022-05-03,Producing,11307,7804,722,2834798,Operator-12
WELL101,Well-Alpha-101H,BASIN004,CUST029,Horizontal,2025-09-07,2025-10-24,Producing,17522,6672,841,3230983,Operator-18
WELL102,Well-Bravo-102H,BASIN010,CUST043,Vertical,2022-10-27,2023-01-19,Drilling,16487,7644,481,2296552,Operator-2
WELL103,Well-Delta-103H,BASIN006,CUST038,Horizontal,2025-11-03,2026-01-27,Drilling,15513,6625,997,2959676,Operator-5
WELL104,Well-Echo-104H,BASIN008,CUST030,Horizontal,2022-03-19,2022-05-13,Producing,13727,8612,656,3121309,Operator-2
WELL105,Well-Echo-105H,BASIN002,CUST004,Horizontal,2024-08-01,2024-09-25,Shut-in,15155,9289,1073,3474228,Operator-7
WELL106,Well-Alpha-106H,BASIN012,CUST001,Horizontal,2024-05-07,2024-06-26,Shut-in,11141,7030,1003,3304412,Operator-14
WELL107,Well-Alpha-107H,BASIN001,CUST003,Vertical,2023-12-10,2024-03-03,Shut-in,14711,8450,1029,3146540,Operator-7
WELL108,Well-Echo-108H,BASIN001,CUST024,Horizontal,2024-10-10,2024-12-01,Drilling,10065,8157,567,3214445,Operator-18
WELL109,Well-Charlie-109H,BASIN006,CUST037,Horizontal,2025-07-11,2025-10-06,Producing,12768,7398,566,2522314,Operator-11
WELL110,Well-Echo-110H,BASIN010,CUST023,Vertical,2025-09-17,2025-12-03,Shut-in,10300,7147,989,1961834,Operator-3
WELL111,Well-Delta-111H,BASIN006,CUST042,Horizontal,2025-05-02,2025-06-18,Producing,17124,8148,945,3463748,Operator-17
WELL112,Well-Charlie-112H,BASIN010,CUST013,Horizontal,2025-11-11,2025-12-31,Drilling,16525,7484,732,1971047,Operator-1
WELL113,Well-Echo-113H,BASIN010,CUST028,Horizontal,2025-06-11,2025-09-08,Producing,12245,8887,1178,1957655,Operator-2
WELL114,Well-Charlie-114H,BASIN007,CUST001,Vertical,2023-12-03,2024-03-02,Drilling,15960,6232,463,2234047,Operator-8
WELL115,Well-Bravo-115H,BASIN007,CUST013,Horizontal,2025-01-24,2025-03-30,Producing,16864,9697,854,2844633,Operator-16
WELL116,Well-Alpha-116H,BASIN009,CUST003,Horizontal,2025-08-12,2025-10-19,Producing,17027,8159,964,3485342,Operator-10
WELL117,Well-Charlie-117H,BASIN006,CUST037,Horizontal,2025-09-29,2025-12-28,Drilling,16644,7396,1070,2756644,Operator-15
WELL118,Well-Echo-118H,BASIN012,CUST002,Horizontal,2025-08-16,2025-10-12,Drilling,13541,9001,925,2195958,Operator-15
WELL119,Well-Echo-119H,BASIN006,CUST008,Horizontal,2025-03-20,2025-05-21,Producing,16728,8579,881,2179581,Operator-6
WELL120,Well-Echo-120H,BASIN001,CUST014,Horizontal,2023-03-27,2023-06-18,Producing,15465,7540,1061,2618095,Operator-7
WELL121,Well-Charlie-121H,BASIN012,CUST045,Horizontal,2023-04-13,2023-06-12,Drilling,13291,8965,884,2910679,Operator-8
WELL122,Well-Charlie-122H,BASIN006,CUST008,Horizontal,2023-05-26,2023-08-07,Producing,10487,9453,686,2943479,Operator-16
WELL123,Well-Delta-123H,BASIN008,CUST031,Vertical,2025-06-01,2025-07-23,Producing,11622,6196,936,2752228,Operator-8
WELL124,Well-Bravo-124H,BASIN008,CUST010,Horizontal,2025-06-06,2025-08-25,Producing,13103,8733,465,1640181,Operator-6
WELL125,Well-Charlie-125H,BASIN005,CUST001,Horizontal,2025-06-02,2025-08-16,Producing,10877,7483,562,2250845,Operator-18
WELL126,Well-Alpha-126H,BASIN009,CUST021,Horizontal,2023-03-31,2023-06-15,Drilling,13995,8245,414,1643726,Operator-17
WELL127,Well-Delta-127H,BASIN011,CUST040,Horizontal,2023-05-05,2023-07-08,Producing,15750,8710,515,2750928,Operator-7
WELL128,Well-Bravo-128H,BASIN005,CUST004,Horizontal,2023-12-14,2024-02-08,Producing,16810,7518,869,2361054,Operator-10
WELL129,Well-Echo-129H,BASIN011,CUST035,Horizontal,2023-03-12,2023-05-22,Producing,10601,9252,467,1791891,Operator-20
WELL130,Well-Delta-130H,BASIN006,CUST006,Horizontal,2025-02-21,2025-05-13,Drilling,12082,7352,1010,2212776,Operator-13
WELL131,Well-Delta-131H,BASIN007,CUST023,Horizontal,2025-05-13,2025-07-01,Producing,17698,7200,1185,3161788,Operator-17
WELL132,Well-Charlie-132H,BASIN002,CUST022,Horizontal,2025-01-17,2025-03-28,Producing,12746,7620,723,2246124,Operator-15
WELL133,Well-Bravo-133H,BASIN003,CUST004,Horizontal,2023-04-11,2023-06-25,Producing,14893,6060,998,2755609,Operator-19
WELL134,Well-Bravo-134H,BASIN002,CUST008,Horizontal,2022-06-17,2022-08-21,Producing,12334,8809,590,2094544,Operator-15
WELL135,Well-Alpha-135H,BASIN012,CUST003,Horizontal,2024-06-18,2024-09-10,Producing,17333,8673,800,2417830,Operator-2
WELL136,Well-Echo-136H,BASIN008,CUST031,Horizontal,2022-12-18,2023-03-10,Producing,14251,8159,678,2348068,Operator-8
WELL137,Well-Echo-137H,BASIN012,CUST017,Horizontal,2024-04-07,2024-07-03,Producing,10818,7564,1026,1963512,Operator-4
WELL138,Well-Charlie-138H,BASIN002,CUST008,Horizontal,2022-08-21,2022-10-27,Producing,17389,6386,455,3237679,Operator-10
WELL139,Well-Echo-139H,BASIN005,CUST040,Vertical,2024-05-06,2024-08-04,Drilling,13812,7724,652,2758423,Operator-2
WELL140,Well-Bravo-140H,BASIN009,CUST018,Horizontal,2024-07-05,2024-08-20,Producing,11600,7100,1163,1926406,Operator-12
WELL141,Well-Alpha-141H,BASIN007,CUST045,Vertical,2023-02-01,2023-03-30,Producing,13541,6628,1180,2238995,Operator-15
WELL142,Well-Alpha-142H,BASIN005,CUST011,Horizontal,2022-06-29,2022-08-22,Producing,14552,8573,444,1670424,Operator-6
WELL143,Well-Charlie-143H,BASIN006,CUST010,Vertical,2025-07-30,2025-10-23,Producing,15601,8676,639,1630169,Operator-10
WELL144,Well-Charlie-144H,BASIN005,CUST007,Vertical,2025-07-21,2025-10-09,Producing,11910,8885,951,1567855,Operator-14
WELL145,Well-Delta-145H,BASIN007,CUST010,Horizontal,2022-10-31,2022-12-29,Drilling,10467,7776,790,2051342,Operator-10
WELL146,Well-Bravo-146H,BASIN011,CUST031,Horizontal,2022-05-25,2022-07-12,Producing,14120,9003,567,2803556,Operator-5
WELL147,Well-Delta-147H,BASIN002,CUST037,Horizontal,2023-06-11,2023-09-01,Producing,13399,9911,1153,3252019,Operator-18
WELL148,Well-Alpha-148H,BASIN007,CUST026,Horizontal,2025-10-04,2025-11-18,Producing,13292,8476,529,1594208,Operator-4
WELL149,Well-Alpha-149H,BASIN008,CUST014,Horizontal,2023-01-19,2023-04-09,Producing,15825,8154,480,1847590,Operator-17
WELL150,Well-Bravo-150H,BASIN007,CUST011,Vertical,2024-06-09,2024-08-15,Shut-in,16430,7469,492,3346839,Operator-15
WELL151,Well-Echo-151H,BASIN003,CUST005,Horizontal,2022-03-07,2022-05-17,Drilling,16846,9999,925,2497058,Operator-7
WELL152,Well-Alpha-152H,BASIN001,CUST022,Vertical,2025-02-28,2025-04-18,Producing,15288,6972,1087,2078210,Operator-16
WELL153,Well-Alpha-153H,BASIN008,CUST045,Horizontal,2023-06-07,2023-08-03,Shut-in,16015,7335,566,3270040,Operator-2
WELL154,Well-Delta-154H,BASIN010,CUST013,Horizontal,2025-10-03,2025-11-25,Producing,12106,9662,902,3167948,Operator-1
WELL155,Well-Alpha-155H,BASIN004,CUST025,Horizontal,2022-05-01,2022-07-29,Shut-in,10554,9487,516,3015648,Operator-8
WELL156,Well-Echo-156H,BASIN006,CUST013,Horizontal,2024-03-10,2024-06-03,Shut-in,13167,8410,904,3106124,Operator-20
WELL157,Well-Echo-157H,BASIN006,CUST005,Horizontal,2022-04-19,2022-07-08,Drilling,10685,7594,872,2318807,Operator-19
WELL158,Well-Bravo-158H,BASIN012,CUST004,Horizontal,2023-06-02,2023-07-22,Producing,14092,7216,867,2023347,Operator-10
WELL159,Well-Charlie-159H,BASIN007,CUST046,Vertical,2025-04-04,2025-07-01,Shut-in,14405,6646,953,2466276,Operator-20
WELL160,Well-Alpha-160H,BASIN002,CUST035,Horizontal,2022-02-26,2022-05-12,Producing,11992,7839,822,2586986,Operator-15
WELL161,Well-Delta-161H,BASIN001,CUST045,Horizontal,2023-03-22,2023-06-14,Producing,12752,8641,760,1872090,Operator-15
WELL162,Well-Alpha-162H,BASIN005,CUST046,Horizontal,2024-11-03,2024-12-21,Producing,16830,8825,400,1662524,Operator-1
WELL163,Well-Charlie-163H,BASIN005,CUST019,Vertical,2025-07-17,2025-09-12,Producing,14588,9744,483,3244710,Operator-6
WELL164,Well-Charlie-164H,BASIN002,CUST043,Horizontal,2025-06-21,2025-08-28,Shut-in,15332,8119,891,3388347,Operator-9
WELL165,Well-Alpha-165H,BASIN005,CUST037,Horizontal,2022-02-21,2022-04-25,Producing,13950,8783,965,1741529,Operator-9
WELL166,Well-Echo-166H,BASIN004,CUST046,Horizontal,2025-04-07,2025-06-24,Producing,15439,9719,807,1574050,Operator-11
WELL167,Well-Echo-167H,BASIN009,CUST050,Vertical,2025-11-12,2026-01-18,Producing,12752,8733,1170,3024311,Operator-9
WELL168,Well-Bravo-168H,BASIN001,CUST034,Horizontal,2024-01-26,2024-04-06,Drilling,15469,8035,805,2293827,Operator-9
WELL169,Well-Alpha-169H,BASIN010,CUST007,Vertical,2025-04-19,2025-07-08,Producing,12358,9031,1116,2123111,Operator-18
WELL170,Well-Bravo-170H,BASIN001,CUST046,Horizontal,2025-08-09,2025-10-31,Producing,16639,8364,572,2779971,Operator-15
WELL171,Well-Bravo-171H,BASIN004,CUST019,Horizontal,2025-01-29,2025-04-28,Producing,13404,6069,936,3446325,Operator-1
WELL172,Well-Delta-172H,BASIN002,CUST007,Horizontal,2023-06-26,2023-09-02,Drilling,15981,9737,923,3444185,Operator-2
WELL173,Well-Alpha-173H,BASIN005,CUST004,Horizontal,2023-12-17,2024-03-05,Shut-in,16915,9169,1116,2686301,Operator-2
WELL174,Well-Bravo-174H,BASIN007,CUST023,Horizontal,2023-12-23,2024-02-20,Shut-in,11881,7951,552,2928838,Operator-7
WELL175,Well-Echo-175H,BASIN001,CUST013,Horizontal,2025-10-21,2025-12-08,Producing,12701,9428,946,1614939,Operator-11
WELL176,Well-Alpha-176H,BASIN001,CUST014,Horizontal,2024-02-14,2024-04-30,Producing,11871,6133,789,3365184,Operator-13
WELL177,Well-Charlie-177H,BASIN005,CUST013,Horizontal,2024-03-09,2024-05-19,Producing,11492,7312,558,1965957,Operator-20
WELL178,Well-Echo-178H,BASIN008,CUST024,Horizontal,2024-04-29,2024-06-25,Shut-in,15108,9811,926,1979356,Operator-9
WELL179,Well-Bravo-179H,BASIN004,CUST004,Vertical,2022-08-06,2022-09-21,Drilling,12651,7940,445,1787996,Operator-14
WELL180,Well-Bravo-180H,BASIN002,CUST045,Horizontal,2024-03-15,2024-06-04,Producing,11026,9655,706,2894841,Operator-12
WELL181,Well-Charlie-181H,BASIN012,CUST029,Vertical,2022-02-09,2022-04-29,Producing,14097,6074,524,2705826,Operator-3
WELL182,Well-Delta-182H,BASIN001,CUST029,Horizontal,2025-10-18,2026-01-09,Producing,14891,6899,560,1515608,Operator-1
WELL183,Well-Charlie-183H,BASIN001,CUST014,Horizontal,2023-03-08,2023-05-24,Producing,16336,9672,575,1713417,Operator-8
WELL184,Well-Bravo-184H,BASIN011,CUST001,Horizontal,2025-07-31,2025-10-11,Producing,15120,7365,926,1874633,Operator-16
WELL185,Well-Bravo-185H,BASIN006,CUST040,Vertical,2022-10-10,2022-12-10,Producing,13248,8906,896,2187161,Operator-16
WELL186,Well-Alpha-186H,BASIN006,CUST045,Horizontal,2024-09-28,2024-12-18,Producing,13957,7311,904,2840143,Operator-6
WELL187,Well-Bravo-187H,BASIN012,CUST036,Vertical,2023-07-20,2023-10-16,Drilling,11788,6212,760,2097634,Operator-1
WELL188,Well-Bravo-188H,BASIN008,CUST040,Horizontal,2025-09-30,2025-11-15,Drilling,17163,8665,1160,2341003,Operator-8
WELL189,Well-Echo-189H,BASIN004,CUST018,Horizontal,2025-05-02,2025-07-08,Shut-in,10143,7364,523,2963832,Operator-10
WELL190,Well-Alpha-190H,BASIN003,CUST025,Horizontal,2024-02-23,2024-04-13,Producing,10031,7402,942,2596442,Operator-18
WELL191,Well-Alpha-191H,BASIN001,CUST024,Horizontal,2025-08-17,2025-11-09,Producing,14650,8995,969,3453157,Operator-1
WELL192,Well-Bravo-192H,BASIN009,CUST020,Vertical,2025-04-30,2025-06-20,Drilling,17962,9592,1124,2591141,Operator-3
WELL193,Well-Alpha-193H,BASIN007,CUST027,Vertical,2025-09-08,2025-11-09,Drilling,16935,6317,790,2952610,Operator-5
WELL194,Well-Alpha-194H,BASIN002,CUST041,Horizontal,2022-02-03,2022-04-01,Producing,10016,7057,654,2637232,Operator-20
WELL195,Well-Delta-195H,BASIN002,CUST022,Vertical,2025-09-03,2025-11-06,Drilling,17803,9229,404,2240343,Operator-18
WELL196,Well-Alpha-196H,BASIN007,CUST025,Vertical,2025-06-27,2025-09-03,Producing,16208,8357,957,2099865,Operator-19
WELL197,Well-Echo-197H,BASIN012,CUST031,Horizontal,2025-10-08,2025-12-02,Drilling,10848,7325,991,1675278,Operator-13
WELL198,Well-Charlie-198H,BASIN012,CUST012,Horizontal,2025-05-06,2025-07-01,Producing,16408,6147,711,1793420,Operator-16
WELL199,Well-Charlie-199H,BASIN004,CUST004,Vertical,2025-04-12,2025-06-08,Producing,14001,8840,975,1694817,Operator-2
WELL200,Well-Alpha-200H,BASIN005,CUST049,Horizontal,2024-08-09,2024-11-04,Producing,10678,8311,526,2127612,Operator-16
WELL201,Well-Alpha-201H,BASIN011,CUST004,Horizontal,2023-10-18,2023-12-28,Producing,11895,8319,400,1572353,Operator-2
WELL202,Well-Echo-202H,BASIN010,CUST030,Horizontal,2024-06-10,2024-08-04,Shut-in,10926,6265,1172,3209816,Operator-2
WELL203,Well-Delta-203H,BASIN012,CUST034,Horizontal,2023-02-24,2023-04-25,Producing,11002,8424,980,2944483,Operator-18
WELL204,Well-Echo-204H,BASIN002,CUST020,Horizontal,2025-02-21,2025-05-01,Producing,16394,9430,819,2795664,Operator-18
WELL205,Well-Echo-205H,BASIN012,CUST033,Horizontal,2025-02-11,2025-03-31,Producing,12358,7643,1048,2052182,Operator-11
WELL206,Well-Echo-206H,BASIN012,CUST024,Horizontal,2025-01-24,2025-03-26,Producing,13836,9218,963,3197554,Operator-2
WELL207,Well-Delta-207H,BASIN002,CUST029,Horizontal,2022-05-29,2022-07-13,Producing,10067,8471,754,1615488,Operator-17
WELL208,Well-Echo-208H,BASIN001,CUST023,Horizontal,2023-11-14,2024-01-10,Producing,16591,8514,1034,2485747,Operator-15
WELL209,Well-Alpha-209H,BASIN003,CUST019,Horizontal,2022-12-05,2023-02-24,Shut-in,15877,9970,691,1629717,Operator-20
WELL210,Well-Bravo-210H,BASIN007,CUST014,Horizontal,2025-09-05,2025-10-20,Drilling,17151,9279,590,2859907,Operator-5
WELL211,Well-Charlie-211H,BASIN009,CUST014,Horizontal,2023-02-15,2023-04-18,Drilling,14666,7754,764,1552180,Operator-18
WELL212,Well-Bravo-212H,BASIN012,CUST027,Vertical,2025-02-25,2025-04-22,Producing,15145,8874,909,2107234,Operator-7
WELL213,Well-Delta-213H,BASIN004,CUST001,Horizontal,2025-07-28,2025-10-16,Producing,17982,7985,761,1547926,Operator-8
WELL214,Well-Charlie-214H,BASIN005,CUST008,Vertical,2022-02-07,2022-04-15,Producing,10998,9857,497,2333999,Operator-13
WELL215,Well-Echo-215H,BASIN006,CUST015,Vertical,2023-09-08,2023-11-13,Producing,13126,8410,737,2715992,Operator-18
WELL216,Well-Echo-216H,BASIN004,CUST023,Horizontal,2024-04-04,2024-06-21,Shut-in,10402,6059,550,2413567,Operator-5
WELL217,Well-Charlie-217H,BASIN006,CUST039,Vertical,2025-01-30,2025-04-04,Producing,10224,6463,823,2481922,Operator-4
WELL218,Well-Delta-218H,BASIN008,CUST041,Horizontal,2025-02-12,2025-04-20,Shut-in,11940,7293,1005,1987631,Operator-11
WELL219,Well-Charlie-219H,BASIN004,CUST027,Horizontal,2024-03-24,2024-05-15,Producing,16948,9535,703,1779095,Operator-13
WELL220,Well-Echo-220H,BASIN004,CUST049,Horizontal,2025-10-22,2026-01-17,Shut-in,15064,7408,1127,2302089,Operator-6
WELL221,Well-Charlie-221H,BASIN009,CUST039,Horizontal,2024-05-29,2024-07-16,Drilling,13527,7198,1008,2273162,Operator-5
WELL222,Well-Alpha-222H,BASIN004,CUST027,Horizontal,2023-10-25,2023-12-28,Producing,13897,6956,1047,3213235,Operator-18
WELL223,Well-Charlie-223H,BASIN008,CUST027,Vertical,2022-08-20,2022-11-09,Producing,16857,9398,792,3376982,Operator-11
WELL224,Well-Delta-224H,BASIN010,CUST042,Horizontal,2024-03-12,2024-05-01,Producing,15414,6224,679,1781456,Operator-6
WELL225,Well-Charlie-225H,BASIN003,CUST029,Horizontal,2024-07-13,2024-08-28,Producing,13071,8064,559,1840703,Operator-11
WELL226,Well-Alpha-226H,BASIN012,CUST031,Horizontal,2023-12-15,2024-02-19,Producing,16151,8997,478,2564900,Operator-19
WELL227,Well-Echo-227H,BASIN006,CUST017,Horizontal,2025-03-14,2025-05-05,Producing,17923,6426,984,2845722,Operator-7
WELL228,Well-Delta-228H,BASIN011,CUST043,Vertical,2022-08-31,2022-10-21,Producing,13272,9207,967,3276658,Operator-8
WELL229,Well-Charlie-229H,BASIN012,CUST041,Horizontal,2022-10-22,2022-12-22,Producing,16776,6642,831,3038053,Operator-8
WELL230,Well-Alpha-230H,BASIN005,CUST012,Vertical,2025-10-14,2025-12-15,Shut-in,11162,8891,911,2456284,Operator-6
WELL231,Well-Echo-231H,BASIN003,CUST033,Vertical,2023-06-27,2023-08-20,Producing,10113,9384,401,1767504,Operator-8
WELL232,Well-Echo-232H,BASIN001,CUST002,Horizontal,2025-01-03,2025-02-22,Drilling,11397,7585,926,1795222,Operator-3
WELL233,Well-Delta-233H,BASIN003,CUST042,Horizontal,2025-10-17,2025-12-11,Shut-in,10626,6873,1013,2681405,Operator-17
WELL234,Well-Bravo-234H,BASIN005,CUST013,Horizontal,2023-11-19,2024-01-07,Producing,11952,8938,408,2605555,Operator-7
WELL235,Well-Charlie-235H,BASIN005,CUST007,Horizontal,2025-06-25,2025-09-07,Producing,16693,6279,1090,2710908,Operator-1
WELL236,Well-Echo-236H,BASIN011,CUST049,Horizontal,2025-08-28,2025-10-31,Producing,15717,9090,880,3009995,Operator-15
WELL237,Well-Echo-237H,BASIN011,CUST045,Horizontal,2022-07-01,2022-09-08,Drilling,15296,6986,1165,3499976,Operator-6
WELL238,Well-Bravo-238H,BASIN006,CUST041,Vertical,2025-05-21,2025-08-07,Shut-in,16009,7755,1174,2971446,Operator-7
WELL239,Well-Echo-239H,BASIN006,CUST031,Vertical,2025-11-03,2026-01-06,Shut-in,14606,9387,766,1688378,Operator-16
WELL240,Well-Echo-240H,BASIN001,CUST031,Horizontal,2025-01-01,2025-02-28,Drilling,14837,9977,466,2919115,Operator-15
WELL241,Well-Delta-241H,BASIN007,CUST012,Vertical,2023-11-17,2024-01-28,Producing,11189,9395,713,2098609,Operator-18
WELL242,Well-Alpha-242H,BASIN006,CUST036,Horizontal,2025-09-11,2025-10-27,Drilling,16964,6409,994,1825231,Operator-14
WELL243,Well-Bravo-243H,BASIN010,CUST032,Horizontal,2025-10-18,2025-12-02,Shut-in,10315,9343,691,2919166,Operator-6
WELL244,Well-Bravo-244H,BASIN003,CUST023,Horizontal,2025-03-16,2025-05-30,Producing,11362,8903,917,2274537,Operator-18
WELL245,Well-Echo-245H,BASIN001,CUST015,Horizontal,2025-03-31,2025-05-23,Producing,17857,9892,915,2410128,Operator-8
WELL246,Well-Alpha-246H,BASIN009,CUST035,Horizontal,2023-08-07,2023-10-07,Drilling,11113,6903,889,2443631,Operator-7
WELL247,Well-Alpha-247H,BASIN012,CUST035,Horizontal,2025-11-09,2025-12-31,Producing,17309,8448,657,2969874,Operator-11
WELL248,Well-Charlie-248H,BASIN005,CUST009,Horizontal,2025-06-19,2025-09-07,Shut-in,14003,9542,865,2244581,Operator-14
WELL249,Well-Echo-249H,BASIN009,CUST028,Horizontal,2023-01-18,2023-03-18,Producing,14908,8323,644,2886393,Operator-18
WELL250,Well-Delta-250H,BASIN003,CUST040,Horizontal,2024-07-26,2024-09-20,Drilling,12629,9696,691,2970862,Operator-6
WELL251,Well-Delta-251H,BASIN005,CUST033,Vertical,2025-09-27,2025-12-02,Shut-in,15350,6507,1154,1953554,Operator-6
WELL252,Well-Delta-252H,BASIN002,CUST012,Horizontal,2025-09-14,2025-12-09,Producing,16889,6131,469,3292729,Operator-3
WELL253,Well-Alpha-253H,BASIN011,CUST046,Vertical,2023-08-27,2023-10-18,Producing,17101,6938,1066,2806559,Operator-16
WELL254,Well-Echo-254H,BASIN007,CUST018,Horizontal,2025-08-17,2025-10-27,Producing,13650,7576,445,3281891,Operator-8
WELL255,Well-Echo-255H,BASIN004,CUST028,Vertical,2025-03-11,2025-05-19,Producing,12346,6427,969,3020657,Operator-3
WELL256,Well-Alpha-256H,BASIN007,CUST049,Horizontal,2024-10-08,2024-12-27,Producing,13900,6299,961,2794309,Operator-7
WELL257,Well-Echo-257H,BASIN012,CUST017,Horizontal,2023-08-24,2023-10-12,Producing,10947,7400,643,3028351,Operator-7
WELL258,Well-Bravo-258H,BASIN004,CUST035,Horizontal,2024-11-20,2025-01-22,Producing,11232,8285,698,2863817,Operator-10
WELL259,Well-Alpha-259H,BASIN009,CUST038,Horizontal,2024-05-15,2024-07-05,Producing,16062,6697,530,3170769,Operator-7
WELL260,Well-Bravo-260H,BASIN009,CUST046,Horizontal,2025-04-21,2025-07-13,Producing,13256,9880,446,1756492,Operator-7
WELL261,Well-Alpha-261H,BASIN011,CUST012,Horizontal,2025-03-26,2025-05-13,Drilling,10070,8185,751,3019850,Operator-1
WELL262,Well-Echo-262H,BASIN002,CUST006,Vertical,2025-07-26,2025-09-29,Shut-in,17614,7503,759,2805493,Operator-10
WELL263,Well-Charlie-263H,BASIN003,CUST019,Horizontal,2024-09-23,2024-12-21,Producing,16532,9798,965,3062426,Operator-14
WELL264,Well-Bravo-264H,BASIN009,CUST049,Horizontal,2022-11-27,2023-01-25,Shut-in,15177,6056,906,3046653,Operator-20
WELL265,Well-Delta-265H,BASIN001,CUST032,Horizontal,2023-10-30,2024-01-21,Shut-in,17531,7495,1051,2911357,Operator-14
WELL266,Well-Echo-266H,BASIN010,CUST043,Horizontal,2022-08-27,2022-11-25,Producing,17517,8134,532,2448258,Operator-1
WELL267,Well-Charlie-267H,BASIN004,CUST025,Horizontal,2025-07-29,2025-09-18,Producing,10243,6385,1034,2059371,Operator-13
WELL268,Well-Charlie-268H,BASIN002,CUST021,Horizontal,2022-05-01,2022-07-15,Shut-in,16864,7980,719,1522186,Operator-8
WELL269,Well-Bravo-269H,BASIN002,CUST015,Horizontal,2024-01-13,2024-03-11,Producing,14041,6315,1012,1547905,Operator-16
WELL270,Well-Alpha-270H,BASIN012,CUST012,Vertical,2024-04-14,2024-07-03,Producing,17302,7224,444,2213325,Operator-11
WELL271,Well-Charlie-271H,BASIN004,CUST031,Horizontal,2025-03-10,2025-05-05,Shut-in,12277,8518,657,3416357,Operator-15
WELL272,Well-Delta-272H,BASIN001,CUST029,Horizontal,2024-11-25,2025-02-12,Drilling,13501,6979,809,2063949,Operator-2
WELL273,Well-Alpha-273H,BASIN007,CUST012,Horizontal,2023-07-14,2023-10-02,Producing,17910,9720,1111,3436111,Operator-17
WELL274,Well-Bravo-274H,BASIN005,CUST015,Vertical,2024-10-07,2024-11-21,Drilling,11862,9396,893,3230293,Operator-17
WELL275,Well-Alpha-275H,BASIN003,CUST023,Vertical,2023-02-23,2023-05-08,Producing,15804,8679,537,2351793,Operator-4
WELL276,Well-Delta-276H,BASIN008,CUST001,Horizontal,2025-05-28,2025-08-02,Producing,11066,9248,568,2126374,Operator-14
WELL277,Well-Delta-277H,BASIN004,CUST007,Horizontal,2023-03-14,2023-05-11,Producing,10648,7028,567,1700594,Operator-20
WELL278,Well-Echo-278H,BASIN009,CUST021,Horizontal,2025-06-25,2025-09-02,Drilling,10360,8182,708,1565474,Operator-2
WELL279,Well-Bravo-279H,BASIN011,CUST020,Horizontal,2025-06-24,2025-08-31,Drilling,12725,6844,510,3104596,Operator-1
WELL280,Well-Alpha-280H,BASIN010,CUST041,Horizontal,2025-01-31,2025-04-09,Shut-in,12691,8753,901,3394008,Operator-9
WELL281,Well-Alpha-281H,BASIN010,CUST012,Horizontal,2025-02-26,2025-05-12,Shut-in,17383,7786,720,1738629,Operator-18
WELL282,Well-Delta-282H,BASIN006,CUST014,Vertical,2024-04-08,2024-05-23,Producing,16314,7685,512,1959687,Operator-16
WELL283,Well-Bravo-283H,BASIN006,CUST020,Horizontal,2025-05-18,2025-07-24,Shut-in,10222,8733,863,2965036,Operator-2
WELL284,Well-Charlie-284H,BASIN002,CUST005,Horizontal,2025-08-04,2025-10-12,Drilling,11031,7599,928,3483416,Operator-3
WELL285,Well-Charlie-285H,BASIN010,CUST025,Horizontal,2023-07-06,2023-09-01,Producing,12051,9454,417,1770091,Operator-2
WELL286,Well-Bravo-286H,BASIN002,CUST046,Horizontal,2022-05-01,2022-07-21,Producing,15150,8940,401,2560502,Operator-12
WELL287,Well-Alpha-287H,BASIN003,CUST004,Horizontal,2024-11-22,2025-01-12,Producing,11958,8037,555,1883773,Operator-9
WELL288,Well-Alpha-288H,BASIN009,CUST044,Horizontal,2025-04-20,2025-07-01,Producing,12206,6880,831,3484606,Operator-2
WELL289,Well-Charlie-289H,BASIN002,CUST016,Vertical,2025-09-11,2025-12-07,Producing,10014,6363,932,2266404,Operator-15
WELL290,Well-Charlie-290H,BASIN009,CUST013,Horizontal,2022-04-29,2022-06-30,Producing,16496,9425,1023,2170244,Operator-19
WELL291,Well-Echo-291H,BASIN008,CUST044,Horizontal,2024-02-10,2024-03-29,Producing,16531,7711,937,2866233,Operator-4
WELL292,Well-Alpha-292H,BASIN006,CUST025,Horizontal,2025-07-23,2025-10-21,Producing,10841,7213,815,2504403,Operator-18
WELL293,Well-Charlie-293H,BASIN009,CUST018,Horizontal,2025-01-01,2025-03-24,Producing,17057,6042,682,3461995,Operator-2
WELL294,Well-Bravo-294H,BASIN007,CUST023,Horizontal,2023-11-08,2024-01-21,Producing,17206,6102,475,3011055,Operator-16
WELL295,Well-Alpha-295H,BASIN009,CUST022,Vertical,2025-10-03,2025-12-23,Producing,16359,7463,962,2266989,Operator-7
WELL296,Well-Bravo-296H,BASIN010,CUST013,Horizontal,2025-03-14,2025-04-29,Producing,11762,7595,750,2103497,Operator-19
WELL297,Well-Alpha-297H,BASIN005,CUST019,Vertical,2022-04-06,2022-06-21,Producing,13928,7358,916,1715523,Operator-14
WELL298,Well-Charlie-298H,BASIN009,CUST021,Vertical,2025-10-05,2025-11-27,Producing,11872,7755,823,2203586,Operator-3
WELL299,Well-Delta-299H,BASIN007,CUST041,Horizontal,2022-10-21,2022-12-06,Producing,16212,9754,749,2439405,Operator-16
WELL300,Well-Bravo-300H,BASIN001,CUST046,Vertical,2025-10-01,2025-12-23,Producing,11084,6914,531,2249672,Operator-14
WELL301,Well-Bravo-301H,BASIN006,CUST047,Horizontal,2025-06-08,2025-08-05,Producing,13248,6294,599,2217767,Operator-17
WELL302,Well-Charlie-302H,BASIN005,CUST044,Horizontal,2024-12-22,2025-02-14,Producing,16300,6925,685,2093013,Operator-6
WELL303,Well-Bravo-303H,BASIN012,CUST021,Horizontal,2023-11-07,2024-01-18,Shut-in,13506,6817,776,2807693,Operator-16
WELL304,Well-Charlie-304H,BASIN003,CUST017,Horizontal,2025-03-23,2025-05-10,Producing,16898,8052,1188,2199809,Operator-15
WELL305,Well-Charlie-305H,BASIN005,CUST027,Vertical,2025-07-15,2025-10-13,Shut-in,16831,9644,1176,1912658,Operator-12
WELL306,Well-Bravo-306H,BASIN012,CUST012,Horizontal,2023-02-10,2023-05-09,Drilling,11509,9584,632,2339994,Operator-3
WELL307,Well-Alpha-307H,BASIN006,CUST048,Horizontal,2025-06-04,2025-08-08,Producing,10553,7152,961,3425889,Operator-2
WELL308,Well-Delta-308H,BASIN012,CUST011,Vertical,2022-03-29,2022-06-12,Producing,16387,6138,786,2665414,Operator-7
WELL309,Well-Echo-309H,BASIN007,CUST019,Vertical,2024-07-20,2024-09-30,Producing,11491,7509,752,3181876,Operator-8
WELL310,Well-Alpha-310H,BASIN002,CUST006,Vertical,2022-11-02,2023-01-22,Producing,14450,9842,493,3153891,Operator-4
WELL311,Well-Delta-311H,BASIN009,CUST042,Horizontal,2025-09-28,2025-11-29,Producing,15298,8607,415,2920455,Operator-13
WELL312,Well-Alpha-312H,BASIN010,CUST048,Horizontal,2024-05-06,2024-07-10,Producing,11470,8840,1103,1842437,Operator-19
WELL313,Well-Alpha-313H,BASIN011,CUST030,Horizontal,2023-09-28,2023-12-20,Producing,12050,9475,1142,3128859,Operator-15
WELL314,Well-Delta-314H,BASIN004,CUST019,Horizontal,2022-05-03,2022-06-27,Producing,17790,8865,431,1749966,Operator-19
WELL315,Well-Echo-315H,BASIN002,CUST028,Horizontal,2023-02-13,2023-04-02,Drilling,10176,6324,483,2609878,Operator-9
WELL316,Well-Delta-316H,BASIN011,CUST027,Horizontal,2025-11-05,2026-01-18,Producing,12632,9702,729,1976793,Operator-2
WELL317,Well-Alpha-317H,BASIN002,CUST020,Horizontal,2025-07-12,2025-09-03,Producing,14170,6682,1013,2090222,Operator-10
WELL318,Well-Charlie-318H,BASIN002,CUST011,Horizontal,2025-11-07,2025-12-24,Drilling,14104,9666,481,2820345,Operator-19
WELL319,Well-Bravo-319H,BASIN004,CUST022,Horizontal,2025-03-07,2025-04-23,Shut-in,15213,6547,607,3031237,Operator-4
WELL320,Well-Charlie-320H,BASIN002,CUST001,Horizontal,2024-12-29,2025-02-20,Producing,14927,6532,1020,3117178,Operator-5
WELL321,Well-Echo-321H,BASIN006,CUST035,Horizontal,2025-04-17,2025-07-13,Drilling,15351,7871,1149,1931571,Operator-19
WELL322,Well-Delta-322H,BASIN001,CUST021,Horizontal,2024-11-19,2025-01-12,Shut-in,12879,9737,721,3326259,Operator-19
WELL323,Well-Charlie-323H,BASIN011,CUST035,Horizontal,2025-06-05,2025-08-15,Drilling,15495,6038,638,2012788,Operator-3
WELL324,Well-Charlie-324H,BASIN005,CUST012,Vertical,2023-07-28,2023-09-20,Producing,16832,8216,892,3278527,Operator-18
WELL325,Well-Charlie-325H,BASIN010,CUST047,Vertical,2023-08-23,2023-11-02,Producing,17420,9598,912,2256254,Operator-1
WELL326,Well-Delta-326H,BASIN012,CUST030,Horizontal,2022-09-17,2022-11-30,Shut-in,16267,8985,655,2573143,Operator-3
WELL327,Well-Charlie-327H,BASIN009,CUST004,Horizontal,2025-04-15,2025-06-01,Drilling,11656,6836,628,2832851,Operator-17
WELL328,Well-Delta-328H,BASIN002,CUST028,Horizontal,2025-05-20,2025-07-29,Producing,15364,7554,435,2105314,Operator-6
WELL329,Well-Echo-329H,BASIN003,CUST008,Vertical,2023-10-26,2023-12-17,Shut-in,12867,7612,1152,1824404,Operator-19
WELL330,Well-Bravo-330H,BASIN005,CUST009,Horizontal,2025-04-02,2025-06-30,Producing,16970,6055,642,2934324,Operator-3
WELL331,Well-Delta-331H,BASIN009,CUST041,Vertical,2022-07-26,2022-10-05,Producing,10977,6267,1077,1744802,Operator-19
WELL332,Well-Delta-332H,BASIN006,CUST040,Horizontal,2023-03-05,2023-05-25,Producing,11770,7086,609,3194023,Operator-18
WELL333,Well-Alpha-333H,BASIN010,CUST039,Vertical,2024-05-31,2024-08-21,Shut-in,16746,6974,739,2034057,Operator-8
WELL334,Well-Charlie-334H,BASIN005,CUST006,Horizontal,2022-10-04,2022-12-26,Producing,14061,7310,997,2563180,Operator-9
WELL335,Well-Echo-335H,BASIN005,CUST023,Horizontal,2024-07-10,2024-09-11,Producing,10658,8029,895,2224047,Operator-14
WELL336,Well-Charlie-336H,BASIN003,CUST007,Horizontal,2025-07-21,2025-09-09,Producing,17256,6322,1094,2273313,Operator-12
WELL337,Well-Delta-337H,BASIN006,CUST037,Horizontal,2022-08-12,2022-10-27,Drilling,15814,9130,813,2085251,Operator-16
WELL338,Well-Bravo-338H,BASIN003,CUST022,Horizontal,2022-11-04,2023-01-21,Producing,12959,8612,589,2593288,Operator-6
WELL339,Well-Delta-339H,BASIN008,CUST008,Vertical,2025-04-30,2025-06-25,Producing,10939,8377,858,2647610,Operator-5
WELL340,Well-Charlie-340H,BASIN010,CUST009,Horizontal,2024-02-21,2024-05-12,Shut-in,15238,8189,864,2181313,Operator-12
WELL341,Well-Charlie-341H,BASIN011,CUST012,Vertical,2024-10-12,2024-12-28,Drilling,11551,9668,970,1539546,Operator-4
WELL342,Well-Bravo-342H,BASIN008,CUST029,Horizontal,2025-04-14,2025-07-13,Producing,12772,7307,1144,3395102,Operator-14
WELL343,Well-Bravo-343H,BASIN001,CUST021,Vertical,2023-09-09,2023-11-10,Producing,13219,8032,766,3081287,Operator-5
WELL344,Well-Charlie-344H,BASIN012,CUST034,Horizontal,2024-03-21,2024-06-16,Producing,15035,7742,1146,1824207,Operator-8
WELL345,Well-Delta-345H,BASIN002,CUST005,Horizontal,2025-09-17,2025-12-10,Shut-in,10453,8518,678,2669322,Operator-16
WELL346,Well-Delta-346H,BASIN009,CUST025,Horizontal,2025-04-01,2025-05-25,Producing,12324,7412,684,3015054,Operator-19
WELL347,Well-Delta-347H,BASIN002,CUST001,Horizontal,2025-10-03,2025-12-16,Drilling,11313,8255,1195,2866418,Operator-8
WELL348,Well-Delta-348H,BASIN011,CUST048,Vertical,2025-09-07,2025-12-03,Producing,14675,9028,689,1669716,Operator-1
WELL349,Well-Bravo-349H,BASIN005,CUST049,Horizontal,2023-08-30,2023-11-22,Producing,12578,7468,1177,3019206,Operator-5
WELL350,Well-Bravo-350H,BASIN012,CUST048,Horizontal,2025-06-11,2025-09-01,Producing,15601,9582,837,3374984,Operator-14
WELL351,Well-Delta-351H,BASIN002,CUST002,Horizontal,2022-08-16,2022-10-20,Shut-in,14033,9927,859,2564509,Operator-20
WELL352,Well-Charlie-352H,BASIN001,CUST022,Horizontal,2025-05-07,2025-07-06,Producing,11947,6935,842,2322551,Operator-18
WELL353,Well-Alpha-353H,BASIN010,CUST050,Horizontal,2023-09-20,2023-11-05,Shut-in,12295,7370,1165,1521327,Operator-8
WELL354,Well-Alpha-354H,BASIN008,CUST037,Vertical,2022-09-19,2022-11-27,Producing,17746,7716,513,1643266,Operator-16
WELL355,Well-Delta-355H,BASIN008,CUST040,Horizontal,2025-03-30,2025-05-18,Shut-in,11673,6560,620,3093568,Operator-11
WELL356,Well-Alpha-356H,BASIN007,CUST045,Horizontal,2024-03-05,2024-05-22,Producing,17757,8818,508,1583278,Operator-18
WELL357,Well-Alpha-357H,BASIN001,CUST045,Vertical,2022-03-17,2022-06-04,Drilling,16167,8102,1109,2533793,Operator-4
WELL358,Well-Delta-358H,BASIN005,CUST039,Horizontal,2025-05-06,2025-07-31,Shut-in,17260,9766,404,1678892,Operator-3
WELL359,Well-Delta-359H,BASIN002,CUST034,Horizontal,2023-08-20,2023-11-08,Drilling,13326,8395,752,2194496,Operator-17
WELL360,Well-Echo-360H,BASIN005,CUST016,Horizontal,2025-04-26,2025-06-25,Producing,10201,7228,1068,2167036,Operator-13
WELL361,Well-Delta-361H,BASIN007,CUST033,Horizontal,2024-05-03,2024-06-19,Shut-in,17586,6951,747,3338465,Operator-16
WELL362,Well-Echo-362H,BASIN003,CUST011,Horizontal,2022-10-12,2022-12-04,Drilling,13782,7847,921,3494049,Operator-4
WELL363,Well-Alpha-363H,BASIN008,CUST021,Horizontal,2025-03-06,2025-05-23,Drilling,12603,7771,915,2239646,Operator-2
WELL364,Well-Delta-364H,BASIN010,CUST041,Horizontal,2025-03-07,2025-06-05,Shut-in,14322,6733,697,2383365,Operator-16
WELL365,Well-Bravo-365H,BASIN002,CUST036,Horizontal,2025-08-24,2025-11-20,Producing,11747,7519,469,3489852,Operator-1
WELL366,Well-Echo-366H,BASIN004,CUST042,Horizontal,2025-07-25,2025-10-09,Shut-in,15897,9073,531,2431617,Operator-13
WELL367,Well-Delta-367H,BASIN003,CUST010,Vertical,2022-04-30,2022-07-03,Producing,17578,8183,746,2058120,Operator-15
WELL368,Well-Alpha-368H,BASIN001,CUST012,Horizontal,2025-04-26,2025-07-25,Producing,14702,7087,582,2875024,Operator-12
WELL369,Well-Alpha-369H,BASIN012,CUST015,Horizontal,2025-05-07,2025-08-03,Producing,16794,6879,595,1527124,Operator-14
WELL370,Well-Bravo-370H,BASIN011,CUST014,Horizontal,2023-07-01,2023-08-15,Drilling,16455,8329,495,1556633,Operator-9
WELL371,Well-Alpha-371H,BASIN006,CUST047,Horizontal,2024-12-12,2025-03-04,Producing,16765,6161,1178,3279980,Operator-10
WELL372,Well-Echo-372H,BASIN004,CUST009,Horizontal,2022-08-30,2022-10-30,Producing,13629,8309,431,3175646,Operator-9
WELL373,Well-Alpha-373H,BASIN002,CUST009,Horizontal,2025-04-04,2025-06-10,Producing,17061,9859,681,2548448,Operator-9
WELL374,Well-Echo-374H,BASIN007,CUST008,Horizontal,2024-10-27,2025-01-03,Producing,10317,8151,1063,2082027,Operator-16
WELL375,Well-Delta-375H,BASIN004,CUST037,Horizontal,2025-06-26,2025-09-12,Producing,11882,7153,996,2836573,Operator-12
WELL376,Well-Charlie-376H,BASIN010,CUST025,Horizontal,2025-03-14,2025-06-10,Producing,14375,6839,427,3082058,Operator-11
WELL377,Well-Delta-377H,BASIN008,CUST046,Horizontal,2022-12-01,2023-02-14,Producing,10491,8848,747,2993946,Operator-19
WELL378,Well-Bravo-378H,BASIN012,CUST045,Horizontal,2023-02-09,2023-04-27,Shut-in,12103,8582,750,2179882,Operator-19
WELL379,Well-Delta-379H,BASIN006,CUST007,Vertical,2025-06-04,2025-08-30,Producing,15481,6636,1113,3448163,Operator-17
WELL380,Well-Bravo-380H,BASIN010,CUST024,Horizontal,2022-07-27,2022-10-18,Producing,11148,8549,559,3378925,Operator-12
WELL381,Well-Alpha-381H,BASIN007,CUST022,Vertical,2025-05-17,2025-07-11,Producing,10975,7150,868,3227428,Operator-5
WELL382,Well-Charlie-382H,BASIN002,CUST029,Horizontal,2025-01-10,2025-03-26,Producing,12357,8420,937,2249990,Operator-12
WELL383,Well-Alpha-383H,BASIN009,CUST044,Horizontal,2025-11-01,2026-01-05,Producing,15031,8929,709,2491455,Operator-15
WELL384,Well-Alpha-384H,BASIN002,CUST026,Horizontal,2023-03-23,2023-06-07,Drilling,16881,6515,673,2242705,Operator-2
WELL385,Well-Alpha-385H,BASIN002,CUST043,Horizontal,2024-10-02,2024-12-14,Drilling,10092,9938,782,2990021,Operator-3
WELL386,Well-Alpha-386H,BASIN010,CUST007,Horizontal,2024-03-19,2024-06-05,Producing,12103,9476,1133,2805691,Operator-20
WELL387,Well-Charlie-387H,BASIN002,CUST048,Horizontal,2023-01-06,2023-03-10,Producing,11010,9706,495,1786667,Operator-2
WELL388,Well-Charlie-388H,BASIN002,CUST025,Vertical,2025-06-10,2025-08-26,Producing,11800,7666,1169,2218104,Operator-7
WELL389,Well-Bravo-389H,BASIN010,CUST035,Horizontal,2022-02-26,2022-05-25,Producing,10424,9083,1119,2993448,Operator-7
WELL390,Well-Delta-390H,BASIN006,CUST031,Horizontal,2025-07-10,2025-08-30,Shut-in,12364,7536,838,2922898,Operator-7
WELL391,Well-Delta-391H,BASIN012,CUST017,Horizontal,2024-03-13,2024-05-23,Producing,11222,6773,1129,2264564,Operator-14
WELL392,Well-Bravo-392H,BASIN006,CUST043,Horizontal,2024-08-12,2024-09-26,Shut-in,17900,8230,959,3471276,Operator-4
WELL393,Well-Delta-393H,BASIN011,CUST032,Horizontal,2025-10-18,2026-01-08,Producing,12731,8105,853,1613339,Operator-13
WELL394,Well-Alpha-394H,BASIN002,CUST027,Vertical,2023-03-10,2023-04-26,Producing,16111,7783,923,2018815,Operator-4
WELL395,Well-Echo-395H,BASIN005,CUST001,Horizontal,2025-09-25,2025-12-06,Producing,15152,6759,591,2699328,Operator-3
WELL396,Well-Alpha-396H,BASIN007,CUST039,Horizontal,2024-04-19,2024-06-16,Shut-in,11371,7412,1108,1561776,Operator-1
WELL397,Well-Bravo-397H,BASIN006,CUST015,Horizontal,2025-04-11,2025-06-20,Producing,14137,8269,511,2812888,Operator-2
WELL398,Well-Bravo-398H,BASIN006,CUST028,Horizontal,2022-10-15,2022-12-17,Shut-in,16613,8577,562,2401989,Operator-11
WELL399,Well-Alpha-399H,BASIN009,CUST048,Horizontal,2025-03-26,2025-06-16,Producing,14465,9682,469,2980734,Operator-14
WELL400,Well-Alpha-400H,BASIN010,CUST028,Horizontal,2022-11-12,2023-01-27,Producing,16521,7863,1137,3469513,Operator-8
WELL401,Well-Delta-401H,BASIN008,CUST009,Horizontal,2023-12-26,2024-02-19,Producing,15667,7232,1168,1925336,Operator-7
WELL402,Well-Bravo-402H,BASIN006,CUST010,Vertical,2025-01-11,2025-03-24,Producing,17945,7064,1144,2991629,Operator-14
WELL403,Well-Alpha-403H,BASIN006,CUST040,Horizontal,2024-10-03,2024-11-18,Shut-in,13849,8214,933,3319688,Operator-3
WELL404,Well-Alpha-404H,BASIN011,CUST012,Vertical,2023-01-19,2023-04-15,Producing,17278,7045,1120,2858722,Operator-10
WELL405,Well-Charlie-405H,BASIN008,CUST037,Vertical,2025-10-16,2025-12-25,Producing,10344,8131,1164,3376756,Operator-13
WELL406,Well-Echo-406H,BASIN004,CUST036,Horizontal,2025-01-03,2025-03-11,Producing,16473,6424,921,3255575,Operator-10
WELL407,Well-Bravo-407H,BASIN012,CUST041,Horizontal,2025-05-16,2025-08-05,Producing,15602,9117,541,3405422,Operator-10
WELL408,Well-Charlie-408H,BASIN006,CUST043,Horizontal,2023-06-02,2023-08-01,Producing,12222,6150,435,2730280,Operator-8
WELL409,Well-Delta-409H,BASIN001,CUST022,Horizontal,2024-06-30,2024-09-12,Shut-in,14287,6577,833,2306715,Operator-8
WELL410,Well-Charlie-410H,BASIN005,CUST032,Horizontal,2025-01-22,2025-03-24,Drilling,17139,9503,793,1609381,Operator-20
WELL411,Well-Bravo-411H,BASIN012,CUST043,Horizontal,2025-08-03,2025-10-19,Drilling,17565,8509,1173,1950818,Operator-3
WELL412,Well-Bravo-412H,BASIN007,CUST048,Horizontal,2024-12-16,2025-01-30,Shut-in,15631,9168,541,3125043,Operator-19
WELL413,Well-Charlie-413H,BASIN004,CUST013,Horizontal,2022-09-25,2022-11-13,Producing,12844,6270,578,1912615,Operator-3
WELL414,Well-Delta-414H,BASIN010,CUST035,Horizontal,2022-08-14,2022-10-23,Drilling,13248,8353,957,1608202,Operator-19
WELL415,Well-Delta-415H,BASIN010,CUST032,Horizontal,2024-07-08,2024-09-29,Producing,16599,9403,820,3331279,Operator-17
WELL416,Well-Charlie-416H,BASIN010,CUST014,Vertical,2023-03-29,2023-05-26,Shut-in,14055,8714,586,2636549,Operator-17
WELL417,Well-Charlie-417H,BASIN007,CUST036,Horizontal,2025-08-19,2025-10-29,Producing,16813,7106,808,2405323,Operator-13
WELL418,Well-Delta-418H,BASIN002,CUST045,Vertical,2022-09-03,2022-11-05,Producing,10904,8008,896,2306544,Operator-3
WELL419,Well-Bravo-419H,BASIN009,CUST037,Horizontal,2024-06-09,2024-08-31,Drilling,14067,6545,538,1618867,Operator-11
WELL420,Well-Alpha-420H,BASIN004,CUST022,Horizontal,2022-04-29,2022-06-26,Drilling,12466,8271,925,3200539,Operator-17
WELL421,Well-Charlie-421H,BASIN011,CUST020,Horizontal,2025-06-02,2025-07-30,Shut-in,16434,9280,1145,3442966,Operator-9
WELL422,Well-Bravo-422H,BASIN005,CUST044,Vertical,2025-05-13,2025-06-28,Producing,11350,8204,448,1963231,Operator-3
WELL423,Well-Echo-423H,BASIN010,CUST046,Vertical,2024-04-07,2024-06-13,Shut-in,12605,8380,818,2300499,Operator-7
WELL424,Well-Echo-424H,BASIN007,CUST030,Horizontal,2023-04-04,2023-06-18,Shut-in,11940,9136,463,1936506,Operator-15
WELL425,Well-Delta-425H,BASIN011,CUST049,Vertical,2022-07-30,2022-09-27,Producing,10080,8357,961,1736930,Operator-7
WELL426,Well-Bravo-426H,BASIN010,CUST034,Horizontal,2025-04-25,2025-07-10,Drilling,15759,8623,588,2495503,Operator-19
WELL427,Well-Echo-427H,BASIN012,CUST033,Horizontal,2025-09-09,2025-11-15,Shut-in,16961,6578,412,2847365,Operator-15
WELL428,Well-Bravo-428H,BASIN011,CUST018,Vertical,2024-01-27,2024-03-19,Producing,13051,7488,900,2240917,Operator-7
WELL429,Well-Alpha-429H,BASIN002,CUST037,Horizontal,2023-08-23,2023-11-11,Shut-in,13778,6021,716,2027689,Operator-18
WELL430,Well-Bravo-430H,BASIN011,CUST025,Horizontal,2022-07-25,2022-10-09,Producing,15926,8626,678,2325669,Operator-14
WELL431,Well-Delta-431H,BASIN007,CUST006,Horizontal,2023-12-03,2024-02-13,Producing,11465,7353,598,3447567,Operator-10
WELL432,Well-Delta-432H,BASIN007,CUST017,Horizontal,2022-01-11,2022-03-15,Producing,10791,9926,899,2453553,Operator-5
WELL433,Well-Bravo-433H,BASIN007,CUST031,Horizontal,2023-02-01,2023-04-06,Producing,15353,9321,1164,1808871,Operator-19
WELL434,Well-Echo-434H,BASIN011,CUST001,Horizontal,2023-09-10,2023-11-13,Producing,14715,7776,796,3031734,Operator-17
WELL435,Well-Delta-435H,BASIN009,CUST019,Horizontal,2025-08-08,2025-10-08,Drilling,14021,6574,1193,1727089,Operator-9
WELL436,Well-Bravo-436H,BASIN010,CUST047,Horizontal,2024-05-21,2024-07-13,Producing,16202,6229,639,2369919,Operator-3
WELL437,Well-Charlie-437H,BASIN007,CUST007,Horizontal,2025-10-02,2025-12-13,Producing,13107,8878,596,3042021,Operator-4
WELL438,Well-Echo-438H,BASIN010,CUST016,Horizontal,2022-02-12,2022-04-20,Shut-in,13007,8337,466,2914406,Operator-19
WELL439,Well-Bravo-439H,BASIN009,CUST006,Vertical,2023-06-26,2023-09-03,Drilling,11706,9042,814,2148307,Operator-12
WELL440,Well-Delta-440H,BASIN006,CUST008,Horizontal,2023-02-05,2023-04-23,Producing,16339,7149,1028,2361681,Operator-15
WELL441,Well-Charlie-441H,BASIN008,CUST028,Horizontal,2024-07-10,2024-09-15,Producing,16106,8148,878,2222894,Operator-5
WELL442,Well-Bravo-442H,BASIN008,CUST049,Vertical,2023-03-16,2023-05-14,Drilling,10443,7015,758,3115783,Operator-3
WELL443,Well-Charlie-443H,BASIN007,CUST006,Horizontal,2025-01-25,2025-03-13,Producing,13387,7225,520,2078314,Operator-5
WELL444,Well-Bravo-444H,BASIN003,CUST050,Horizontal,2025-04-12,2025-06-02,Shut-in,13200,8344,527,3445630,Operator-1
WELL445,Well-Charlie-445H,BASIN012,CUST019,Horizontal,2025-08-25,2025-10-23,Drilling,12213,9607,591,2839030,Operator-17
WELL446,Well-Bravo-446H,BASIN009,CUST003,Vertical,2023-10-19,2023-12-06,Drilling,15211,6284,1118,2146233,Operator-5
WELL447,Well-Delta-447H,BASIN001,CUST011,Horizontal,2022-02-01,2022-04-21,Producing,15036,7351,668,1649210,Operator-19
WELL448,Well-Echo-448H,BASIN011,CUST003,Vertical,2025-07-07,2025-08-29,Producing,15899,9794,422,3033304,Operator-6
WELL449,Well-Charlie-449H,BASIN007,CUST046,Horizontal,2023-09-16,2023-11-09,Producing,10333,9965,1022,2494554,Operator-3
WELL450,Well-Bravo-450H,BASIN007,CUST023,Horizontal,2025-05-31,2025-07-17,Shut-in,15571,9693,1191,2765885,Operator-12
WELL451,Well-Alpha-451H,BASIN007,CUST004,Horizontal,2022-06-23,2022-08-28,Producing,13361,6790,1041,2013290,Operator-19
WELL452,Well-Alpha-452H,BASIN008,CUST029,Horizontal,2022-09-09,2022-11-30,Producing,11832,7913,424,3369486,Operator-15
WELL453,Well-Delta-453H,BASIN011,CUST043,Vertical,2025-02-18,2025-04-12,Producing,10587,8575,1165,2172958,Operator-13
WELL454,Well-Bravo-454H,BASIN009,CUST048,Horizontal,2025-02-25,2025-04-22,Producing,16424,7911,556,2443433,Operator-13
WELL455,Well-Delta-455H,BASIN012,CUST007,Horizontal,2024-02-10,2024-04-22,Producing,15242,8264,1174,2081455,Operator-2
WELL456,Well-Echo-456H,BASIN004,CUST002,Horizontal,2025-01-13,2025-03-15,Drilling,12019,8893,1013,3179779,Operator-2
WELL457,Well-Echo-457H,BASIN009,CUST027,Horizontal,2025-07-14,2025-09-09,Shut-in,15631,6202,423,2535626,Operator-5
WELL458,Well-Charlie-458H,BASIN009,CUST027,Vertical,2022-01-10,2022-03-06,Producing,17732,9210,833,1669452,Operator-6
WELL459,Well-Alpha-459H,BASIN005,CUST013,Horizontal,2024-10-03,2024-12-28,Producing,12098,6932,907,2920269,Operator-5
WELL460,Well-Bravo-460H,BASIN002,CUST033,Horizontal,2025-06-20,2025-08-16,Shut-in,13767,6140,754,2406539,Operator-10
WELL461,Well-Charlie-461H,BASIN008,CUST013,Horizontal,2022-01-24,2022-04-16,Producing,11947,9525,576,2581822,Operator-9
WELL462,Well-Echo-462H,BASIN005,CUST024,Horizontal,2024-08-30,2024-10-19,Producing,14158,6449,990,2353561,Operator-5
WELL463,Well-Delta-463H,BASIN003,CUST009,Horizontal,2025-10-09,2025-12-19,Producing,15731,9357,414,3487811,Operator-18
WELL464,Well-Delta-464H,BASIN009,CUST024,Vertical,2025-02-06,2025-03-31,Shut-in,12037,7366,1045,2986976,Operator-1
WELL465,Well-Bravo-465H,BASIN012,CUST039,Horizontal,2024-08-27,2024-11-07,Shut-in,15964,8617,1155,1644094,Operator-9
WELL466,Well-Charlie-466H,BASIN012,CUST022,Vertical,2023-03-26,2023-06-06,Drilling,14276,8192,742,2810010,Operator-6
WELL467,Well-Bravo-467H,BASIN003,CUST020,Vertical,2024-01-01,2024-03-01,Shut-in,12826,7809,920,3168412,Operator-2
WELL468,Well-Delta-468H,BASIN001,CUST019,Horizontal,2025-05-12,2025-07-14,Producing,10960,7259,1119,2316603,Operator-8
WELL469,Well-Bravo-469H,BASIN011,CUST015,Horizontal,2023-07-04,2023-09-14,Drilling,12726,9047,617,2490371,Operator-14
WELL470,Well-Echo-470H,BASIN002,CUST040,Vertical,2022-02-02,2022-04-23,Drilling,11153,7689,805,2384984,Operator-16
WELL471,Well-Charlie-471H,BASIN004,CUST024,Horizontal,2025-02-04,2025-05-05,Producing,13455,8805,1198,2357475,Operator-12
WELL472,Well-Echo-472H,BASIN005,CUST030,Horizontal,2024-03-02,2024-05-24,Producing,17741,8559,527,3150844,Operator-14
WELL473,Well-Alpha-473H,BASIN005,CUST023,Horizontal,2025-03-14,2025-06-10,Producing,17035,9776,401,2482518,Operator-2
WELL474,Well-Alpha-474H,BASIN005,CUST041,Vertical,2022-06-19,2022-09-15,Producing,13097,6994,1198,3074940,Operator-1
WELL475,Well-Bravo-475H,BASIN001,CUST009,Horizontal,2025-08-20,2025-11-15,Producing,12219,8623,1128,1624104,Operator-4
WELL476,Well-Bravo-476H,BASIN005,CUST027,Horizontal,2024-01-08,2024-03-01,Drilling,11384,7214,973,2895247,Operator-9
WELL477,Well-Bravo-477H,BASIN009,CUST035,Vertical,2025-08-14,2025-10-27,Producing,15356,9536,1147,1777978,Operator-17
WELL478,Well-Bravo-478H,BASIN012,CUST007,Horizontal,2025-04-24,2025-07-22,Drilling,10705,6168,1102,1613188,Operator-4
WELL479,Well-Charlie-479H,BASIN004,CUST047,Horizontal,2025-07-14,2025-09-02,Producing,10802,9220,968,2129964,Operator-20
WELL480,Well-Bravo-480H,BASIN001,CUST034,Horizontal,2025-01-10,2025-02-24,Producing,14920,9884,725,2390475,Operator-12
WELL481,Well-Alpha-481H,BASIN004,CUST017,Horizontal,2022-11-14,2023-01-21,Drilling,13590,6254,595,1864292,Operator-18
WELL482,Well-Delta-482H,BASIN001,CUST029,Horizontal,2025-04-22,2025-06-13,Shut-in,16314,7803,1187,3409650,Operator-8
WELL483,Well-Delta-483H,BASIN004,CUST028,Horizontal,2023-08-12,2023-10-25,Producing,12335,9329,1033,2637991,Operator-2
WELL484,Well-Charlie-484H,BASIN005,CUST027,Vertical,2025-09-18,2025-12-05,Producing,16317,7358,424,2603539,Operator-15
WELL485,Well-Alpha-485H,BASIN010,CUST045,Vertical,2025-03-29,2025-06-19,Producing,12722,9690,878,3073154,Operator-4
WELL486,Well-Bravo-486H,BASIN001,CUST008,Horizontal,2023-07-03,2023-08-21,Shut-in,15584,7972,1129,1828634,Operator-13
WELL487,Well-Bravo-487H,BASIN009,CUST044,Vertical,2022-09-20,2022-11-09,Shut-in,13298,7646,741,1988050,Operator-3
WELL488,Well-Alpha-488H,BASIN009,CUST016,Horizontal,2025-01-17,2025-03-22,Shut-in,14905,9384,522,2017852,Operator-5
WELL489,Well-Bravo-489H,BASIN012,CUST006,Horizontal,2022-05-30,2022-07-20,Drilling,13831,8533,489,2808792,Operator-5
WELL490,Well-Echo-490H,BASIN008,CUST011,Horizontal,2024-05-22,2024-08-16,Shut-in,11303,9632,1077,2260872,Operator-6
WELL491,Well-Alpha-491H,BASIN009,CUST043,Horizontal,2025-05-24,2025-08-15,Producing,11859,7916,907,1949641,Operator-16
WELL492,Well-Alpha-492H,BASIN009,CUST044,Horizontal,2022-08-26,2022-10-28,Producing,15540,6421,1199,3332089,Operator-20
WELL493,Well-Bravo-493H,BASIN003,CUST015,Horizontal,2022-02-12,2022-04-21,Drilling,11939,8163,668,2398582,Operator-13
WELL494,Well-Alpha-494H,BASIN010,CUST001,Horizontal,2025-03-13,2025-05-30,Producing,12146,7345,1004,1584403,Operator-11
WELL495,Well-Echo-495H,BASIN003,CUST047,Vertical,2025-08-20,2025-11-10,Shut-in,15697,7345,1144,2344362,Operator-8
WELL496,Well-Charlie-496H,BASIN012,CUST019,Vertical,2025-03-22,2025-05-15,Producing,14486,8883,1165,3438552,Operator-5
WELL497,Well-Charlie-497H,BASIN007,CUST025,Horizontal,2024-11-11,2025-01-24,Producing,16895,6373,1182,2402999,Operator-3
WELL498,Well-Echo-498H,BASIN007,CUST005,Horizontal,2022-10-31,2023-01-24,Producing,11171,6210,1086,1745784,Operator-10
WELL499,Well-Delta-499H,BASIN010,CUST038,Horizontal,2022-05-01,2022-06-25,Producing,15681,8621,637,1657715,Operator-9
WELL500,Well-Delta-500H,BASIN008,CUST009,Horizontal,2025-05-10,2025-06-30,Producing,14991,9998,633,1585764,Operator-11
